abandon,ğŸšï¸ğŸšª
ability,ğŸ§ ğŸ’ª
able,ğŸ’ªğŸƒ
about,â„¹ï¸ğŸ“–
above,â¬†ï¸â˜ï¸
absent,ğŸš«ğŸ‘¤
absorb,ğŸ§½ğŸ’§
abstract,ğŸ¨ğŸ“
absurd,ğŸ¤ªâ—
abuse,ğŸš«ğŸ‘Š
access,ğŸ”‘ğŸšª
accident,ğŸš—ğŸ’¥
account,ğŸ¦ğŸ“Š
accuse,ğŸ‘†âš–ï¸
achieve,ğŸ†âœ…
acid,âš—ï¸ğŸ§ª
acoustic,ğŸ¸ğŸ¶
acquire,ğŸ“¥ğŸ“¦
across,â†”ï¸ğŸŒ‰
act,ğŸ­ğŸ¬
action,ğŸƒâš¡
actor,ğŸ¬ğŸ‘¨
actress,ğŸ¬ğŸ‘©
actual,âœ…âš™ï¸
adapt,ğŸ”„ğŸ¦
add,â•â•
addict,ğŸ’ŠğŸ”—
address,ğŸ ğŸ“
adjust,âš™ï¸ğŸ”§
admit,ğŸšªâœ…
adult,ğŸ‘©ğŸ‘¨
advance,â©ğŸ“ˆ
advice,ğŸ’¬ğŸ¤
aerobic,ğŸƒâ€â™€ï¸ğŸ’¨
affair,ğŸ’ŒğŸ¤«
afford,ğŸ’µâœ…
afraid,ğŸ˜¨ğŸ˜±
again,ğŸ”â™»ï¸
age,ğŸ‚ğŸ“…
agent,ğŸ•µï¸â€â™‚ï¸ğŸ’¼
agree,ğŸ¤âœ…
ahead,â¬†ï¸ğŸš¶
aim,ğŸ¯ğŸƒ
air,ğŸŒ¬ï¸ğŸ’¨
airport,âœˆï¸ğŸ›«
aisle,ğŸ›’â¡ï¸
alarm,â°â—
album,ğŸ’¿ğŸ¶
alcohol,ğŸºğŸ·
alert,ğŸš¨ğŸ‘€
alien,ğŸ‘½ğŸš€
all,âœ…ğŸŒ
alley,ğŸ›£ï¸ğŸ™ï¸
allow,ğŸ‘âœï¸
almost,â³âœï¸
alone,ğŸ‘¤ğŸŒ™
alpha,ğŸ‡¦ğŸ” 
already,âœ…â°
also,â•ğŸ¤
alter,ğŸ”„ğŸ­
always,ğŸ”âˆ
amateur,ğŸ¨ğŸ“·
amazing,ğŸ¤©ğŸŒŸ
among,ğŸ‘¥ğŸŒ
amount,#ï¸âƒ£ğŸ“Š
amused,ğŸ˜†ğŸ­
analyst,ğŸ“ŠğŸ§ 
anchor,âš“âš“
ancient,ğŸ›ï¸ğŸ“œ
anger,ğŸ˜¡ğŸ”¥
angle,ğŸ“ğŸ“
angry,ğŸ˜ ğŸ’¢
animal,ğŸ¾ğŸ¾
ankle,ğŸ¦¶ğŸ¦´
announce,ğŸ“¢ğŸ“°
annual,ğŸ“…ğŸ”
another,ğŸ”„â•
answer,ğŸ’¬âœ…
antenna,ğŸ“¡ğŸ“¡
antique,ğŸºğŸ•°ï¸
anxiety,ğŸ˜°ğŸ’­
any,â“âœ…
apart,â†”ï¸ğŸ 
apology,ğŸ™ğŸ’¬
appear,ğŸ‘€âœ¨
apple,ğŸğŸ
approve,ğŸ‘âš™ï¸
april,ğŸŒ¸ğŸ“…
arch,ğŸ›ï¸ğŸ¯
arctic,â„ï¸ğŸŒŠ
area,ğŸ“ğŸ“
arena,ğŸŸï¸ğŸ¤
argue,ğŸ—£ï¸âš¡
arm,ğŸ’ªğŸ¦¾
armed,ğŸ”«ğŸ›¡ï¸
armor,ğŸª–ğŸ›¡ï¸
army,ğŸ–ï¸ğŸ‘¥
around,ğŸ”„ğŸŒ
arrange,ğŸ“…ğŸ“¦
arrest,ğŸ‘®ğŸ”—
arrive,âœˆï¸ğŸ“
arrow,â¡ï¸ğŸ¹
art,ğŸ¨ğŸ–Œï¸
artefact,ğŸºğŸ“œ
artist,ğŸ‘©â€ğŸ¨ğŸ¤
artwork,ğŸ–¼ï¸ğŸ–Œï¸
ask,â“ğŸ’¬
aspect,ğŸ”ğŸ“
assault,ğŸ‘Šâš”ï¸
asset,ğŸ’°ğŸƒ
assist,ğŸ¤âš½
assume,ğŸ¤”ğŸ“œ
asthma,ğŸ˜®â€ğŸ’¨ğŸ«
athlete,ğŸƒâ€â™‚ï¸ğŸ…
atom,âš›ï¸âš›ï¸
attack,âš”ï¸ğŸ’¥
attend,ğŸ“ğŸ«
attitude,ğŸ™‚ğŸ‘
attract,ğŸ§²â¤ï¸
auction,ğŸ”¨ğŸ’µ
audit,ğŸ“ŠğŸ”
august,â˜€ğŸƒ
aunt,ğŸ‘©ğŸ‘¶
author,âœï¸ğŸ“–
auto,ğŸš—âš™ï¸
autumn,ğŸ‚ğŸ
average,ğŸ“ŠğŸƒ
avocado,ğŸ¥‘ğŸ¥‘
avoid,ğŸš«â†©ï¸
awake,â°ğŸ™‹
aware,ğŸ‘€ğŸ’¡
away,â¡ï¸ğŸšª
awesome,ğŸŒŸğŸ‰
awful,ğŸ˜–ğŸ‘
awkward,ğŸ˜¬ğŸªµ
axis,ğŸ”­ğŸ“
baby,ğŸ‘¶ğŸ‘¶
bachelor,ğŸ“ğŸ‘¨
bacon,ğŸ¥“ğŸ¥“
badge,ğŸ“›âœ…
bag,ğŸ‘œğŸ“¦
balance,âš–ğŸƒ
balcony,ğŸ ğŸªŸ
ball,âš½âš½
bamboo,ğŸ‹ğŸŒ±
banana,ğŸŒğŸŒ
banner,ğŸš©ğŸ§¾
bar,ğŸ¸ğŸ§±
barely,ğŸ“‰â³
bargain,ğŸ·ï¸ğŸ’µ
barrel,ğŸ›¢ï¸ğŸ›¢ï¸
base,ğŸ§±ğŸ“
basic,ğŸ“šâœ…
basket,ğŸ§ºğŸ“¦
battle,âš”ï¸ğŸ°
beach,ğŸ–ï¸ğŸ–ï¸
bean,ğŸŒ±ğŸ«˜
beauty,ğŸŒ¸ğŸŒŸ
because,ğŸ“œâ¡ï¸
become,ğŸ”„ğŸƒ
beef,ğŸ¥©ğŸ¥©
before,â®ï¸ğŸ“…
begin,â–¶ï¸ğŸ
behave,ğŸ™‚ğŸƒ
behind,â¬…ï¸ğŸ“
believe,ğŸ™âœ…
below,â¬‡ğŸƒ
belt,ğŸ§µğŸª¢
bench,ğŸª‘ğŸŸï¸
benefit,âœ…ğŸ“ˆ
best,ğŸ¥‡ğŸŒŸ
betray,ğŸ¤«âš”ï¸
better,ğŸ“ˆğŸ‘
between,â†”ï¸ğŸ“
beyond,ğŸš€ğŸŒŒ
bicycle,ğŸš²ğŸš²
bid,ğŸ·ï¸âœ‹
bike,ğŸš´â€â™‚ï¸ğŸš´â€â™‚ï¸
bind,ğŸª¢ğŸ“š
biology,ğŸ§¬ğŸ“š
bird,ğŸ¦ğŸ¦
birth,ğŸ‘¶ğŸ‰
bitter,ğŸ˜–ğŸ‹
black,âš«â¬›
blade,ğŸ”ªğŸ—¡ï¸
blame,â˜ï¸â—
blanket,ğŸ§¶ğŸ›Œ
blast,ğŸ’¥ğŸŒªï¸
bleak,ğŸŒ«ï¸ğŸ¥¶
bless,ğŸ™âœ¨
blind,ğŸ™ˆğŸš«
blood,ğŸ©¸ğŸ©¸
blossom,ğŸŒ¸ğŸƒ
blouse,ğŸ‘šğŸ‘š
blue,ğŸ”µğŸ”µ
blur,ğŸŒ«ï¸ğŸ”
blush,ğŸ˜Šâš™ï¸
board,ğŸ§±ğŸ“‹
boat,ğŸš¤ğŸš¤
body,ğŸ§â€â™‚ï¸ğŸ«€
boil,ğŸ”¥ğŸ’§
bomb,ğŸ’£ğŸ’£
bone,ğŸ¦´ğŸ¦´
bonus,ğŸğŸ’µ
book,ğŸ“–ğŸ“–
boost,ğŸ“ˆâš¡
border,ğŸš§ğŸ
boring,ğŸ¥±âŒ›
borrow,ğŸ¤²ğŸ’µ
boss,ğŸ‘‘ğŸƒ
bottom,â¬‡ï¸ğŸ“
bounce,ğŸ€ğŸ”„
box,ğŸ“¦âš™ï¸
boy,ğŸ‘¦ğŸƒ
bracket,âŸ®âŸ¯ğŸ“
brain,ğŸ§ ğŸ§ 
brand,ğŸ·ï¸ğŸ¢
brass,ğŸ§²ğŸŸ¡
brave,ğŸ¦ğŸ’ª
bread,ğŸğŸ
breeze,ğŸŒ¬ï¸ğŸƒ
brick,ğŸ§±ğŸ§±
bridge,ğŸŒ‰ğŸŒ‰
brief,ğŸ“„â±ï¸
bright,ğŸ’¡ğŸŒŸ
bring,ğŸ¤²â¡ï¸
brisk,ğŸƒğŸƒ
broccoli,ğŸ¥¦ğŸ¥¦
broken,âŒğŸ§©
bronze,ğŸŸ¤ğŸ…
broom,ğŸ§¹ğŸ§¹
brother,ğŸ‘¦âš™ï¸
brown,ğŸŸ«ğŸŸ«
brush,ğŸ–Œï¸ğŸ§¹
bubble,ğŸ«§ğŸ«§
buddy,ğŸ‘¬ğŸ¤
budget,ğŸ’µğŸƒ
buffalo,ğŸ¦¬ğŸ¦¬
build,ğŸ§±ğŸ”§
bulb,ğŸ’¡ğŸ’¡
bulk,ğŸ“¦ğŸƒ
bullet,ğŸ”«ğŸ”˜
bundle,ğŸ“¦ğŸª¢
bunker,ğŸšï¸ğŸ›¡ï¸
burden,ğŸ§±ğŸ“‰
burger,ğŸ”ğŸ”
burst,ğŸ’¥â—
bus,ğŸšŒğŸšŒ
business,ğŸ’¼ğŸ¢
busy,ğŸƒğŸ“…
butter,ğŸ§ˆğŸ§ˆ
buyer,ğŸ§‘ğŸ’³
buzz,ğŸğŸ”Š
cabbage,ğŸ¥¬ğŸƒ
cabin,ğŸšï¸ğŸŒ²
cable,ğŸ”ŒğŸª¢
cactus,ğŸŒµğŸŒµ
cage,ğŸªºğŸ”’
cake,ğŸ°ğŸ°
call,ğŸ“ğŸ—£ï¸
calm,ğŸ˜ŒğŸŒŠ
camera,ğŸ“·ğŸ“·
camp,ğŸ•ï¸ğŸ•ï¸
can,ğŸ¥«ğŸ¥«
canal,ğŸš¤ğŸ›£ï¸
cancel,âŒğŸ—“ï¸
candy,ğŸ¬ğŸ¬
cannon,ğŸ’£ğŸ›¡ï¸
canoe,ğŸ›¶ğŸ›¶
canvas,ğŸ–¼ï¸ğŸ¨
canyon,ğŸœï¸ğŸ“
capable,âœ…ğŸ’ª
capital,ğŸ›ï¸ğŸ’°
captain,ğŸ§‘ğŸš¢
car,ğŸš—ğŸš—
carbon,ğŸ§ªğŸ§±
card,ğŸ’³ğŸ’³
cargo,ğŸššğŸ“¦
carpet,ğŸ§¶ğŸ 
carry,ğŸ¤²ğŸšš
cart,ğŸ›’ğŸ›’
case,ğŸ“¦ğŸ“„
cash,ğŸ’µğŸ’µ
casino,ğŸ°ğŸ°
castle,ğŸ°ğŸ°
casual,ğŸ™‚ğŸ‘•
cat,ğŸ±ğŸ±
catalog,ğŸ“šğŸ·ï¸
catch,âœ‹ğŸ£
category,ğŸ—‚ï¸ğŸ“
cattle,ğŸ„ğŸ„
caught,ğŸ£âœ‹
cause,ğŸ¯ğŸ“œ
caution,âš ï¸â›”
cave,ğŸ•³ï¸ğŸª¨
ceiling,ğŸ ğŸƒ
celery,ğŸ¥¬ğŸ¥¬
cement,ğŸ§±âš™ï¸
census,ğŸ“ŠğŸ 
century,ğŸ“…ğŸ’¯
cereal,ğŸ¥£ğŸŒ¾
certain,âœ…ğŸ“Œ
chair,ğŸª‘ğŸƒ
chalk,âœï¸ğŸ§±
champion,ğŸ†ğŸ‘‘
change,ğŸ”„ğŸ§©
chaos,ğŸŒªï¸ğŸ”€
chapter,ğŸ“–ğŸ“‘
charge,âš¡ğŸ’³
chase,ğŸƒğŸ¯
chat,ğŸ’¬ğŸ’¬
cheap,ğŸ·ï¸â¬‡ï¸
check,âœ…ğŸ“‹
cheese,ğŸ§€ğŸ§€
chef,ğŸ‘¨â€ğŸ³ğŸ‘©â€ğŸ³
cherry,ğŸ’ğŸ’
chest,ğŸ§³ğŸ§°
chicken,ğŸ”ğŸ”
chief,ğŸ‘‘ğŸ¢
child,ğŸ‘¶ğŸƒ
chimney,ğŸ ğŸ’¨
choice,âœ…ğŸ”€
choose,ğŸ‘‰âœ…
chronic,â³ğŸ©º
chuckle,ğŸ˜„ğŸ˜„
chunk,ğŸ“¦ğŸ§±
churn,ğŸ”„ğŸ“‰
cigar,ğŸš¬ğŸš¬
cinnamon,ğŸªµğŸŒ¿
circle,ğŸ”µğŸ“
citizen,ğŸ§‘ğŸ›ï¸
city,ğŸ™ğŸƒ
civil,ğŸ›ï¸ğŸ¤
claim,ğŸ“„ğŸƒ
clap,ğŸ‘ğŸ‘
clarify,ğŸ”ğŸ’¬
claw,ğŸ¾ğŸ”ª
clay,ğŸ§±ğŸŒ±
clean,ğŸ§¼âœ¨
clerk,ğŸ§‘ğŸ“‹
clever,ğŸ§ ğŸƒ
click,ğŸ–±ï¸ğŸ–±ï¸
client,ğŸ§‘ğŸ’¼
cliff,ğŸ”ï¸â¬‡ï¸
climb,ğŸ§—â€â™‚ï¸â¬†ï¸
clinic,ğŸ¥ğŸ©º
clip,ğŸ§·ğŸ“
clock,â°â°
clog,ğŸš«ğŸ›
close,ğŸšªğŸƒ
cloth,ğŸ§µğŸ§»
cloud,â˜ï¸â˜ï¸
clown,ğŸ¤¡ğŸ¤¡
club,ğŸ‘ğŸ‰
clump,ğŸŒ±ğŸ“¦
cluster,ğŸŒğŸ“¦
clutch,âœ‹ğŸ”’
coach,ğŸ§‘ğŸ¯
coast,ğŸ–ï¸ğŸŒŠ
coconut,ğŸ¥¥ğŸ¥¥
code,ğŸ’»ğŸ”
coffee,â˜•â˜•
coil,ğŸŒ€ğŸ§µ
coin,ğŸª™ğŸª™
collect,ğŸ“¦ğŸ“š
color,ğŸ¨ğŸ¨
column,ğŸ›ï¸ğŸ“
combine,â•ğŸ§©
come,â¡âš™ï¸
comfort,ğŸ›‹ï¸ğŸ˜Œ
comic,ğŸ—¯ï¸ğŸ“š
common,ğŸ‘¥ğŸ¯
company,ğŸ¢ğŸ‘¥
concert,ğŸµğŸ¤
conduct,ğŸ§‘âš–ï¸
confirm,âœ…ğŸ’¬
congress,ğŸ›ï¸ğŸ›ï¸
connect,ğŸ”—ğŸ¤
consider,ğŸ¤”ğŸ“–
control,ğŸ›ï¸ğŸ›¡ï¸
convince,ğŸ—£ï¸âœ…
cook,ğŸ³ğŸ³
cool,ğŸ˜â„ï¸
copper,ğŸŸ ğŸª™
copy,ğŸ“„ğŸ¯
coral,ğŸª¸ğŸŒŠ
core,ğŸ§ ğŸ“
corn,ğŸŒ½ğŸŒ½
correct,âœ…âœ…
cost,ğŸ’µğŸ’²
cotton,ğŸ§¶ğŸŒ¾
couch,ğŸ›‹ï¸ğŸ›‹ï¸
country,ğŸ—ºï¸ğŸ´
couple,ğŸ‘©â€â¤ï¸â€ğŸ‘¨ğŸ‘¥
course,ğŸ›£ï¸ğŸ“š
cousin,ğŸ‘¨â€ğŸ‘©â€ğŸ‘§â€ğŸ‘¦ğŸ‘¦
cover,ğŸ›¡ï¸ğŸ“„
coyote,ğŸºğŸœï¸
crack,ğŸ’¥âš™ï¸
cradle,ğŸ§ºğŸ‘¶
craft,ğŸ§°ğŸ§µ
cram,ğŸ§ ğŸ“š
crane,ğŸ—ï¸ğŸªœ
crash,ğŸ’¥ğŸš—
crater,ğŸŒ‹ğŸ•³ï¸
crawl,ğŸ›â¡ï¸
crazy,ğŸ¤ªğŸ¤¯
cream,ğŸ¦ğŸ¦
credit,ğŸ’³ğŸ“ˆ
creek,ğŸï¸ğŸŒŠ
crew,ğŸ‘¥ğŸš¢
cricket,ğŸ¦—ğŸ
crime,ğŸš«ğŸƒ
crisp,â„ï¸ğŸ
critic,ğŸ§‘ğŸ“
crop,ğŸŒ¾âœ‚ï¸
cross,â•âœï¸
crouch,ğŸ§â€â™‚ï¸â¬‡ï¸
crowd,ğŸ‘¥ğŸ‘¥
crucial,ğŸ“Œâ—
cruel,ğŸ˜¡ğŸ’”
cruise,ğŸš¢ğŸŒŠ
crumble,ğŸ§±ğŸ’¥
crunch,ğŸ˜¬ğŸª
crush,ğŸ’”ğŸ”¨
cry,ğŸ˜¢ğŸ˜¢
crystal,ğŸ”·ğŸ’
cube,ğŸ§ŠğŸ“
culture,ğŸ›ï¸ğŸ­
cup,ğŸ¥¤ğŸ¥¤
cupboard,ğŸšªğŸ§‚
curious,ğŸ¤”ğŸ”
current,ğŸ”ŒğŸŒŠ
curtain,ğŸ§µğŸšª
curve,ğŸ“ˆğŸ”„
cushion,ğŸ›‹ï¸ğŸ§¶
custom,ğŸ“œğŸ§¾
cute,ğŸ˜ŠğŸƒ
cycle,ğŸ”„âœï¸
dad,ğŸ‘¨ğŸ‘¨
damage,ğŸ’¥ğŸƒ
damp,ğŸ’§ğŸ§½
dance,ğŸ’ƒğŸµ
danger,âš ï¸â˜ ï¸
daring,ğŸ’¥ğŸš€
dash,ğŸƒğŸ’¨
daughter,ğŸ‘§ğŸ‘¨
dawn,ğŸŒ„ğŸŒ„
day,ğŸ“…ğŸ“…
deal,ğŸ¤ğŸ“œ
debate,ğŸ—£ï¸âš–ï¸
debris,ğŸ§±ğŸ—‘ï¸
decade,ğŸ“…ğŸ”Ÿ
december,ğŸ„ğŸ„
decide,âœ…ğŸ§ 
decline,ğŸ“‰â¬‡ï¸
decorate,ğŸ¨ğŸ 
decrease,ğŸ“‰ğŸ“‰
deer,ğŸ¦ŒğŸ¦Œ
defense,ğŸ›¡ï¸âš”ï¸
define,ğŸ“–ğŸ“
defy,ğŸš«âš–ï¸
degree,ğŸ“ğŸ“
delay,â³ğŸ¢
deliver,ğŸššğŸƒ
demand,âœ‹ğŸ“œ
demise,âš°ï¸ğŸ
denial,âŒğŸ“œ
dentist,ğŸ§‘ğŸ¦·
deny,âŒâœï¸
depart,âœˆï¸â¡ï¸
depend,ğŸ¤ğŸ“Œ
deposit,ğŸ¦ğŸ’µ
depth,ğŸ“ğŸ’¬
deputy,ğŸ‘®ğŸ›ï¸
derive,ğŸ“–â¡ï¸
describe,âœï¸ğŸ–¼ï¸
desert,ğŸœï¸ğŸŒ
design,ğŸ“ğŸ¨
desk,ğŸ§‘â€ğŸ’»ğŸª‘
despair,ğŸ˜­ğŸŒ«ï¸
destroy,ğŸ’¥ğŸ§±
detail,ğŸ“„ğŸ”
detect,ğŸ”ğŸ•µï¸
develop,ğŸ“ˆğŸ”§
device,ğŸ“±âš™ï¸
devote,â¤ï¸ğŸ“…
diagram,ğŸ“ŠğŸ“
dial,â˜ï¸ğŸ”„
diamond,ğŸ’ğŸƒ
diary,ğŸ““ğŸ–Šï¸
dice,ğŸ²ğŸ²
diesel,ğŸ›¢ï¸ğŸš›
diet,ğŸ¥—ğŸ“‰
differ,â†”ï¸ğŸ“
digital,ğŸ’»ğŸ“±
dignity,ğŸ‘‘ğŸ“
dilemma,â“â†”ï¸
dinner,ğŸ½ğŸƒ
dinosaur,ğŸ¦–ğŸ¦–
direct,â¡ï¸ğŸ“
dirt,ğŸª¨ğŸŒ±
disagree,âŒğŸ¤
discover,ğŸ”âœ¨
disease,ğŸ¦ ğŸ¤’
dish,ğŸ½ï¸ğŸ½ï¸
dismiss,ğŸšªâŒ
disorder,ğŸŒªï¸ğŸ“‰
display,ğŸ–¥ğŸƒ
distance,ğŸ“â¡ï¸
divert,ğŸ”€â†©ï¸
divide,â—ğŸ“Š
divorce,âœ‚ï¸ğŸ’
dizzy,ğŸŒ€ğŸ˜µ
doctor,ğŸ§‘â€âš•ï¸ğŸ©º
document,ğŸ“„ğŸ“„
dog,ğŸ¶ğŸ¶
doll,ğŸª†ğŸª†
dolphin,ğŸ¬ğŸ¬
domain,ğŸŒğŸ·ï¸
donate,ğŸ¤²ğŸ’°
donkey,ğŸ«ğŸ«
donor,ğŸ¤²ğŸ’‰
door,ğŸšªâš™ï¸
dose,ğŸ’ŠğŸ’Š
double,âœŒï¸2ï¸âƒ£
dove,ğŸ•Šï¸ğŸ•Šï¸
draft,ğŸ“„âœï¸
dragon,ğŸ‰ğŸ‰
drama,ğŸ­ğŸ­
drastic,â—âš¡
draw,âœï¸ğŸ–¼ï¸
dream,ğŸ˜´ğŸ’­
dress,ğŸ‘—âš™ï¸
drift,ğŸŒŠğŸ’¨
drill,ğŸ› ï¸ğŸŒ€
drink,ğŸ¹ğŸ¹
drip,ğŸ’§ğŸƒ
drive,ğŸš—ğŸ›£ï¸
drop,ğŸ’§â¬‡ï¸
drum,ğŸ¥ğŸ¥
dry,ğŸŒµâ˜€ï¸
duck,ğŸ¦†ğŸ¦†
dumb,ğŸ¤ğŸ¤”
dune,ğŸœï¸â›°ï¸
during,â³ğŸ“…
dust,ğŸ§¹ğŸŒ«ï¸
dutch,ğŸ‡³ğŸ‡±ğŸ§€
duty,ğŸ“œğŸ›¡ï¸
dwarf,ğŸ§™â€â™‚ï¸ğŸª“
dynamic,ğŸ”„âš¡
eager,ğŸ¤©ğŸ”¥
eagle,ğŸ¦…ğŸ¦…
early,â°ğŸŒ…
earn,ğŸ’°ğŸ¦
earth,ğŸŒğŸƒ
easily,ğŸ˜ŠğŸ‘Œ
east,ğŸ§­â¡ï¸
easy,ğŸ˜Œâœ…
echo,ğŸ“¢ğŸ”Š
ecology,ğŸŒ±ğŸŒ
economy,ğŸ’µğŸ“Š
edge,ğŸ“â›°ï¸
edit,âœï¸ğŸ’»
educate,ğŸ“ğŸ§‘â€ğŸ«
effort,ğŸ’ªğŸ”¥
egg,ğŸ¥šğŸ¥š
eight,8ï¸âƒ£ğŸ±
either,â†”ï¸ğŸ¤·
elbow,ğŸ’ªğŸ¦´
elder,ğŸ‘´ğŸ“¿
electric,âš¡ğŸ”Œ
elegant,ğŸ‘ âœ¨
element,ğŸ§ªğŸŒ¡ï¸
elephant,ğŸ˜ğŸ˜
elevator,ğŸ›—ğŸƒ
elite,ğŸ‘‘ğŸŒŸ
else,ğŸ”€ğŸ¤”
embark,ğŸš¢â¡ï¸
embody,ğŸ§ğŸ’¡
embrace,ğŸ¤—â¤ï¸
emerge,ğŸŒ±â¬†ï¸
emotion,â¤ï¸ğŸ˜­
employ,ğŸ’¼ğŸ‘¨â€ğŸ’¼
empower,âšªğŸ•³ï¸
empty,âœ…ğŸ”“
enable,ğŸ‘¥âš¡
enact,ğŸ‘ğŸ’¬
end,ğŸ›‘ğŸ
endless,â™¾ï¸ğŸŒŒ
endorse,âœï¸ğŸ“œ
enemy,âš”ï¸ğŸ˜ 
energy,âš¡ğŸ’ª
enforce,ğŸ‘®âš–ï¸
engage,ğŸ’ğŸ—£ï¸
engine,âš™ï¸ğŸš‚
enhance,ğŸ“ˆâœ¨
enjoy,ğŸ˜„ğŸ‰
enlist,ğŸª–âœï¸
enough,âœ…ğŸ“
enrich,ğŸ’ğŸ“ˆ
enroll,ğŸ«ğŸ“
ensure,âœ…ğŸ”’
enter,ğŸšªâ¡ï¸
entire,ğŸŒğŸƒ
entry,ğŸšªğŸš¶â€â™‚ï¸
envelope,âœ‰ğŸƒ
episode,ğŸ¬ğŸ“º
equal,âš–ï¸âš–ï¸
equip,ğŸ§°âš™ï¸
era,ğŸ•°ï¸ğŸ›ï¸
erase,ğŸ©¹âœï¸
erode,ğŸŒŠğŸª¨
erosion,ğŸŒ§ï¸â›°ï¸
error,âŒğŸ’»
erupt,ğŸŒ‹ğŸ”¥
escape,ğŸƒâ€â™‚ï¸ğŸšª
essay,ğŸ“„ğŸ–Šï¸
essence,ğŸŒ¸ğŸ’¨
estate,ğŸ¡ğŸ“œ
eternal,â™¾ï¸ğŸ•Šï¸
ethics,âš–ï¸ğŸ“š
evidence,ğŸ“œğŸ”
evil,ğŸ˜ˆğŸ”¥
evoke,ğŸ—£ï¸ğŸ’­
evolve,ğŸ’ğŸ§‘
exact,ğŸ¯âœ…
example,ğŸ“–ğŸ‘†
excess,â•ğŸ“ˆ
exchange,ğŸ”„âš™ï¸
excite,ğŸ¤©âš¡
exclude,ğŸš«ğŸšª
excuse,ğŸ™ğŸ“
execute,âš”ï¸ğŸ§‘â€âš–ï¸
exercise,ğŸƒâ€â™‚ï¸ğŸ’ª
exhaust,ğŸ˜©ğŸ’¨
exhibit,ğŸ–¼ğŸƒ
exile,ğŸš·ğŸŒ
exist,ğŸŒâœ…
exit,ğŸšªâ¬…ï¸
exotic,ğŸŒ´ğŸ¦œ
expand,â¬†ï¸ğŸ“ˆ
expect,ğŸ‘€â³
expire,â°ğŸ’€
explain,ğŸ—£ï¸ğŸ“–
expose,ğŸ“¸ğŸ˜®
express,ğŸš‚ğŸ’¬
extend,ğŸ“ğŸ¯
extra,â•ğŸŒŸ
eye,ğŸ‘ï¸ğŸ‘ï¸
eyebrow,ğŸ‘ï¸ã€°ï¸
fabric,ğŸ§µğŸª¡
face,ğŸ™‚ğŸ™‚
faculty,ğŸ“ğŸƒ
fade,ğŸŒ«ï¸â¬‡ï¸
faint,ğŸ˜µğŸ’«
faith,âœï¸ğŸ™
fall,ğŸ‚â¬‡ï¸
false,âŒğŸ¤¥
fame,ğŸŒŸğŸ“£
family,ğŸ‘¨â€ğŸ‘©â€ğŸ‘§â€ğŸ‘¦ğŸ 
famous,ğŸŒŸğŸ“¸
fan,ğŸŒ€ğŸª­
fancy,ğŸ‘‘ğŸ€
fantasy,ğŸ§šâ€â™€ï¸ğŸ‰
farm,ğŸšœğŸŒ¾
fashion,ğŸ‘—ğŸƒ
fat,ğŸ¥“ğŸƒ
fatal,â˜ ï¸âš°ï¸
father,ğŸ‘¨ğŸ‘”
fatigue,ğŸ˜´ğŸ˜©
fault,âš¡â›°ï¸
favorite,â­â¤ï¸
feature,ğŸ”ğŸ“±
february,â„ï¸ğŸ’˜
federal,ğŸ›ï¸ğŸ‡ºğŸ‡¸
fee,ğŸ’µğŸ§¾
feed,ğŸ½ï¸ğŸ„
feel,ğŸ¤²ğŸ’“
female,ğŸšºğŸ‘©
fence,ğŸš§ğŸŒ³
festival,ğŸ‰ğŸ¥
fetch,ğŸ•ğŸ¾
fever,ğŸ¤’ğŸŒ¡ï¸
few,3ï¸âƒ£ğŸ‘
fiber,ğŸ§¶ğŸ¥—
fiction,ğŸ“šğŸ›¸
field,ğŸŒ¾âš½
figure,ğŸ‘¤ğŸ“
file,ğŸ“‚ğŸ–¥ï¸
film,ğŸ¥ğŸï¸
filter,ğŸ§ƒğŸª£
final,ğŸâœ…
find,ğŸ”ğŸ‘†
fine,ğŸ’°âš–ï¸
finger,ğŸ‘‰ğŸ–ï¸
finish,ğŸğŸ‰
fire,ğŸ”¥ğŸ”¥
firm,ğŸ¢ğŸ’¼
first,1ï¸âƒ£ğŸ†
fiscal,ğŸ’°ğŸ“Š
fish,ğŸŸğŸŸ
fit,ğŸ§©ğŸƒ
fitness,ğŸ‹ï¸â€â™‚ï¸ğŸ’¦
fix,ğŸ› ï¸ğŸ”§
flag,ğŸš©ğŸš©
flame,ğŸ”¥ğŸ’¨
flash,âš¡ğŸ“¸
flat,â–ğŸ 
flavor,ğŸ¦ğŸ“
flee,ğŸƒâ€â™‚ï¸ğŸ’¨
flight,ğŸ›«ğŸ›¬
flip,ğŸ”„ğŸ“–
float,ğŸ›ŸğŸŒŠ
flock,ğŸ‘ğŸ‘¥
floor,ğŸªµğŸ 
flower,ğŸŒ¸ğŸŒ¼
fluid,ğŸ’§ğŸ§ª
flush,ğŸš½ğŸ’¦
fly,ğŸª°âœˆï¸
foam,ğŸ§´ğŸ«§
focus,ğŸ¯ğŸ”
fog,ğŸŒ«ï¸ğŸŒ
foil,ğŸ§»âœ¨
fold,ğŸ“„â–
follow,ğŸ‘£â¡ï¸
food,ğŸ²ğŸ
foot,ğŸ¦¶ğŸ‘£
force,ğŸ’ªâš”ï¸
forest,ğŸŒ¦ï¸ğŸ“Š
forget,ğŸ§ âŒ
fork,ğŸ´ğŸ´
fortune,ğŸ€ğŸ’°
forum,ğŸ›ï¸ğŸ—£ï¸
forward,â¡ï¸ğŸ“ˆ
fossil,ğŸ¦´ğŸª¨
foster,ğŸ¤²ğŸ‘¶
found,ğŸ§­âœ…
fox,ğŸ¦ŠğŸ¦Š
fragile,ğŸ¥‚âš ï¸
frame,ğŸ–¼ï¸ğŸ“
frequent,ğŸ”„ğŸ“…
fresh,ğŸ¥—ğŸŒ±
friend,ğŸ¤ğŸ˜Š
fringe,ğŸ­âœ¨
frog,ğŸ¸ğŸ¸
front,â¬†ï¸ğŸ 
frost,â„ğŸƒ
frown,ğŸ™ğŸ‘
frozen,ğŸ§Šâ„ï¸
fruit,ğŸğŸŒ
fuel,â›½ğŸ›¢ï¸
fun,ğŸ‰ğŸ˜‚
funny,ğŸ¤£ğŸ­
furnace,ğŸ”¥ğŸ­
fury,ğŸ˜¡ğŸƒ
future,ğŸ”®ğŸ“…
gadget,ğŸ“±ğŸƒ
gain,ğŸ“ˆğŸ’°
galaxy,ğŸŒŒâœ¨
gallery,ğŸ–¼ï¸ğŸ›ï¸
game,ğŸ®ğŸ²
gap,â–ğŸ“
garage,ğŸš—ğŸ 
garbage,ğŸ—‘ï¸ğŸš®
garden,ğŸŒ±ğŸŒ¸
garlic,ğŸ§„ğŸ§„
garment,ğŸ‘•ğŸ‘—
gas,â›½ğŸ’¨
gasp,ğŸ˜®ğŸƒ
gate,ğŸšªğŸšª
gather,ğŸ‘¥ğŸ“¦
gauge,ğŸ“âš¡
gaze,ğŸ‘€â¡ï¸
general,â­ğŸƒ
genius,ğŸ§ âš™ï¸
genre,ğŸ¶ğŸ“š
gentle,ğŸ¤²ğŸ•Šï¸
genuine,âœ…â¤ï¸
gesture,ğŸ¤ŒğŸ¤
ghost,ğŸ‘»ğŸ‘»
giant,ğŸ—¿ğŸ“
gift,ğŸğŸ
giggle,ğŸ˜†ğŸ˜‚
ginger,ğŸ«šğŸ¥¤
giraffe,ğŸ¦’ğŸ¦’
girl,ğŸ‘§ğŸ‘§
give,ğŸ¤²ğŸ
glad,ğŸ˜€ğŸ‘
glance,ğŸ‘€â±ï¸
glare,ğŸ‘€âš¡
glass,ğŸ¥›ğŸ·
glide,ğŸª‚âœ¨
glimpse,ğŸ‘€ğŸ”¦
globe,ğŸŒğŸŒ
gloom,ğŸŒ«ï¸ğŸ˜
glory,ğŸ†âœ¨
glove,ğŸ§¤ğŸ§¤
glow,âœ¨ğŸŒŸ
glue,ğŸ§´ğŸ“Œ
goat,ğŸğŸ
goddess,ğŸ‘‘ğŸ•Šï¸
gold,ğŸ¥‡ğŸ’°
good,ğŸ‘ğŸƒ
goose,ğŸª¿ğŸª¿
gorilla,ğŸ¦ğŸ¦
gospel,ğŸ“–âœï¸
gossip,ğŸ—£ï¸ğŸ‘‚
govern,ğŸ›ï¸âš–ï¸
gown,ğŸ‘—ğŸ“
grab,âœ‹ğŸƒ
grace,ğŸ™ğŸ•Šï¸
grain,ğŸŒ¾ğŸŒ¾
grant,âœ…ğŸ“œ
grape,ğŸ‡ğŸ‡
grass,ğŸŒ±ğŸƒ
gravity,ğŸŒâ¬‡ï¸
great,ğŸŒŸğŸ†
green,ğŸŸ¢ğŸŒ±
grid,ğŸ”²ğŸ“
grief,ğŸ˜¢ğŸ’”
grit,ğŸª¨ğŸƒ
grocery,ğŸ›’ğŸ¥¦
group,ğŸ‘¥ğŸƒ
grow,ğŸŒ±ğŸ“ˆ
grunt,ğŸ—ğŸ’¢
guard,ğŸ›¡ï¸ğŸš·
guess,â“ğŸ¤”
guide,ğŸ§­ğŸ“–
guilt,ğŸ˜”âš–ï¸
guitar,ğŸ¸ğŸ¸
gun,ğŸ”«ğŸ”«
gym,ğŸ‹ï¸â€â™‚ï¸ğŸ‹ï¸
habit,ğŸ”ğŸ“†
hair,âœ‚ï¸ğŸ§´
half,ğŸŒ“â—
hammer,ğŸ”¨ğŸ”©
hamster,ğŸ¹ğŸ¹
hand,âœ‹âœ‹
happy,ğŸ˜„âœ¨
harbor,âš“ğŸš¢
hard,ğŸª¨ğŸ’ª
harsh,ğŸŒµâš ï¸
harvest,ğŸŒ¾ğŸ§º
hat,ğŸ©ğŸ©
have,ğŸ¤²ğŸ“¦
hawk,ğŸ¦…ğŸ‘ï¸
hazard,â˜£ï¸âš ï¸
head,ğŸ§‘ğŸ§ 
health,â¤ï¸â€ğŸ©¹âœ…
heart,â¤ï¸â¤ï¸
heavy,ğŸ‹ï¸ğŸ“¦
hedgehog,ğŸ¦”ğŸ¦”
height,ğŸ“ğŸ”
hello,ğŸ‘‹ğŸ™‚
helmet,â›‘ï¸ğŸ›¡ï¸
help,ğŸ†˜âœ‹
hen,ğŸ”ğŸ¥š
hero,ğŸ›¡ï¸â­
hidden,ğŸ™ˆğŸ”’
high,â›°ï¸â¬†ï¸
hill,â›°ï¸â†—ï¸
hint,ğŸ’¡ğŸ‘‰
hip,ğŸ¦´ğŸ‘–
hire,ğŸ‘”ğŸ“„
history,ğŸ“œâŒ›
hobby,ğŸ¨ğŸ¯
hockey,ğŸ’ğŸ¥…
hold,âœ‹ğŸ“¦
hole,ğŸ•³ï¸â¬‡ï¸
holiday,ğŸ‰ğŸ–ï¸
hollow,ğŸ•³ï¸âšª
home,ğŸ ğŸ 
honey,ğŸ¯ğŸ
hood,ğŸ§¥ğŸ§£
hope,ğŸ™ğŸƒ
horn,ğŸ“¯ğŸº
horror,ğŸ˜±ğŸ©¸
horse,ğŸ´ğŸƒ
hospital,ğŸ¥â•
host,ğŸ¤ğŸ 
hotel,ğŸ¨ğŸ›ï¸
hour,â°ğŸ•’
hover,ğŸšâ¸ï¸
hub,ğŸ›ğŸ”—
huge,ğŸ—»ğŸ“
human,ğŸ§‘ğŸŒ
humble,ğŸ™‡ğŸ•Šï¸
humor,ğŸ˜‚ğŸ­
hundred,ğŸ’¯ğŸ’¯
hungry,ğŸ˜‹ğŸ½ï¸
hunt,ğŸ¹ğŸ¾
hurdle,ğŸƒğŸš§
hurry,â³ğŸƒ
hurt,ğŸ¤•ğŸ’¢
husband,ğŸ‘¨ğŸ’
hybrid,ğŸ§¬ğŸ”€
ice,â„ï¸â„ï¸
icon,ğŸ–¼ï¸â­
idea,ğŸ’¡ğŸƒ
identify,ğŸ†”ğŸ”
idle,ğŸ›‘ğŸ˜´
ignore,ğŸ™ˆğŸƒ
ill,ğŸ¤’ğŸ¤¢
illegal,ğŸš«âš™ï¸
illness,ğŸ¤§ğŸ¥
image,ğŸ–¼ï¸ğŸ“·
imitate,ğŸªğŸ™ƒ
immense,ğŸŒŒğŸ“
immune,ğŸ›¡ï¸ğŸ§¬
impact,ğŸ’¥ğŸŒ
impose,ğŸ“œğŸ“¢
improve,ğŸ“ˆğŸ’ª
impulse,âš¡â¤ï¸
inch,ğŸ“1ï¸âƒ£
include,â•ğŸ“¦
income,ğŸ’µğŸ“¥
increase,ğŸ“ˆâ¬†ï¸
index,ğŸ“–â˜ï¸
indicate,ğŸ‘‰ğŸ“
indoor,ğŸ âœï¸
industry,ğŸ­âš™ï¸
infant,ğŸ‘¶ğŸ¼
inflict,ğŸ”ªğŸ’¢
inform,ğŸ“¢ğŸ’¬
inhale,ğŸ˜®ğŸ’¨
inherit,ğŸ§¬ğŸ“œ
initial,ğŸ”¤â¡ï¸
inject,ğŸ’‰â¡ï¸
injury,ğŸ¤•ğŸ©¹
inmate,ğŸš”ğŸ”’
inner,ğŸ”˜ğŸ§ 
innocent,ğŸ˜‡âœ…
input,âŒ¨ï¸ğŸ“¥
inquiry,â“ğŸ“„
insane,ğŸ¤ªğŸ¥
insect,ğŸœğŸœ
inside,ğŸ â¡ï¸
inspire,âœ¨ğŸ’¡
install,ğŸ“¦â¬‡ï¸
intact,ğŸ§©âš™ï¸
interest,ğŸ“ˆğŸ’¬
into,ğŸ‘‰â¡ï¸
invest,ğŸ’°ğŸ“ˆ
invite,âœ‰ï¸ğŸ‰
involve,ğŸ”„ğŸ¤
iron,ğŸ§²âš™ï¸
island,ğŸï¸ğŸŒŠ
isolate,ğŸ§ğŸš«
issue,ğŸ§¾âš ï¸
item,ğŸ“¦ğŸ”–
ivory,ğŸ˜ğŸ¦·
jacket,ğŸ§¥ğŸ§¥
jaguar,ğŸ†ğŸŒ´
jar,ğŸ«™ğŸ¯
jazz,ğŸ·ğŸ¶
jealous,ğŸ˜’ğŸ’”
jeans,ğŸ‘–ğŸ‘–
jelly,ğŸ®ğŸ‡
jewel,ğŸ’ğŸ’
job,ğŸ’¼ğŸ’¼
join,ğŸ¤â•
joke,ğŸ˜‚ğŸƒ
journey,ğŸš¶â€â™‚ï¸ğŸ—ºï¸
joy,ğŸ˜€ğŸ‰
judge,ğŸ‘¨â€âš–ï¸âš–ï¸
juice,ğŸ¥¤ğŸŠ
jump,ğŸ¤¸â€â™‚ï¸â¬†ï¸
jungle,ğŸŒ´ğŸ¦
junior,ğŸ‘¶ğŸ“
junk,ğŸ—‘ï¸ğŸª™
just,âš–âš™ï¸
kangaroo,ğŸ¦˜ğŸ¦˜
keen,ğŸ‘€ğŸ”¥
keep,ğŸ¤²ğŸ”’
ketchup,ğŸ…ğŸ¥«
key,ğŸ”‘ğŸ”‘
kick,ğŸ¦µâš½
kid,ğŸ‘¦ğŸ‘¦
kidney,ğŸ©ºğŸ«˜
kind,ğŸ¤ğŸ’–
kingdom,ğŸ°ğŸ‘‘
kiss,ğŸ’‹â¤ï¸
kit,ğŸ§°ğŸ“¦
kitchen,ğŸ³ğŸ 
kite,ğŸªğŸŒ¬ï¸
kitten,ğŸ±ğŸ¾
kiwi,ğŸ¥ğŸ¥
knee,ğŸ¦µğŸ¦´
knife,ğŸ”ªğŸ”ª
knock,ğŸ‘ŠğŸšª
know,ğŸ§ âœ…
lab,ğŸ§ªğŸ”¬
label,ğŸ·ğŸƒ
labor,ğŸ‘·â€â™‚ï¸âš’ï¸
ladder,ğŸªœğŸªœ
lady,ğŸ‘©ğŸ‘’
lake,ğŸŒŠğŸï¸
lamp,ğŸ›‹ï¸ğŸ’¡
language,ğŸ—£ï¸ğŸ“š
laptop,ğŸ’»âŒ¨ï¸
large,ğŸ“â¬†ï¸
later,â³âš™ï¸
latin,ğŸ“œğŸ”¤
laugh,ğŸ˜‚ğŸ¤£
laundry,ğŸ‘•ğŸ§º
lava,ğŸŒ‹ğŸ«—
law,ğŸ“œâš–ï¸
lawn,ğŸŒ±âœ‚ï¸
lawsuit,âš–ï¸ğŸ§¾
layer,ğŸ“šâ–
lazy,ğŸ˜´ğŸ›‹ï¸
leader,ğŸ§‘â€âœˆï¸ğŸ‘‘
leaf,ğŸƒğŸƒ
learn,ğŸ“šğŸƒ
leave,ğŸšªğŸ‘‹
lecture,ğŸ“ğŸ“–
left,â¬…ï¸âœ‹
leg,ğŸ¦µğŸ¦µ
legal,âš–ï¸âœ…
legend,ğŸ†ğŸ“œ
leisure,ğŸ–ï¸ğŸ¹
lemon,ğŸ‹ğŸ‹
lend,ğŸ’µâš™ï¸
length,ğŸ“â†”ï¸
lens,ğŸ”ğŸ“¸
leopard,ğŸ†ğŸ†
lesson,ğŸ“–ğŸ§‘â€ğŸ«
letter,âœ‰ï¸âœ‰ï¸
level,ğŸ“ŠğŸ“
liar,ğŸ¤¥ğŸ™Š
liberty,ğŸ—½ğŸ•Šï¸
library,ğŸ“šğŸ›ï¸
license,ğŸªªâœ…
life,ğŸŒ±â¤ï¸
lift,ğŸ›—â¬†ï¸
light,ğŸ’¡âœ¨
like,ğŸ‘â¤ï¸
limb,ğŸ¦´ğŸ¦µ
limit,ğŸš«ğŸ“
link,ğŸ”—ğŸ”—
lion,ğŸ¦ğŸ¦
liquid,ğŸ’§âš™ï¸
list,ğŸ“‹ğŸ“‹
little,ğŸ‘¶ğŸ“
live,ğŸ¤ğŸŸï¸
lizard,ğŸ¦ğŸ¦
load,ğŸ“¦â¬†ï¸
loan,ğŸ’µğŸ¦
lobster,ğŸ¦ğŸ¦
local,ğŸ˜ï¸ğŸ“
lock,ğŸ”’ğŸ”’
logic,ğŸ“âš™ï¸
lonely,ğŸ˜”ğŸš¶â€â™‚ï¸
long,ğŸ“âœï¸
loop,ğŸ‘€ğŸ‘†
lottery,ğŸŸï¸ğŸ’°
loud,ğŸ”ŠğŸ“¢
lounge,ğŸ›‹ï¸â˜•
love,â¤ï¸ğŸ’
loyal,ğŸª¢âœ‚ï¸
lucky,âœï¸ğŸ‘‘
luggage,âŒğŸ†
lumber,ğŸ“‰ğŸ’”
lunar,ğŸŒ™ğŸ›°ï¸
lunch,ğŸ½ï¸ğŸ•›
luxury,ğŸ‘‘ğŸ’
lyrics,ğŸµğŸ“
machine,âš™ï¸ğŸ¤–
mad,ğŸ˜¡ğŸ¤¯
magic,âœ¨ğŸ©
magnet,ğŸ§²ğŸ§²
maid,ğŸ‘©â€ğŸ³ğŸ§¹
mail,ğŸ“¬âœ‰ï¸
main,ğŸ“ŒğŸ 
major,ğŸ–ï¸ğŸ›ï¸
make,ğŸ› ï¸ğŸ¨
mammal,ğŸš¹ğŸ‘¨
man,ğŸ¬ğŸ›ï¸
manage,ğŸ§‘â€ğŸ’¼ğŸ“Š
mandate,ğŸ“œğŸƒ
mango,ğŸ¥­ğŸ¥­
mansion,ğŸ°ğŸ 
manual,ğŸ“–ğŸ› ï¸
maple,ğŸğŸŒ³
marble,ğŸ›ï¸âšª
march,ğŸš¶â€â™‚ï¸ğŸ“…
margin,ğŸ“‰ğŸ“
marine,âš“ğŸ¬
market,ğŸ›’ğŸ“ˆ
marriage,ğŸ’â¤ï¸
mask,ğŸ­ğŸ˜·
mass,ğŸŒâš–ï¸
master,ğŸ‘‘ğŸ“š
match,ğŸ¾ğŸ”¥
material,ğŸ§±ğŸƒ
math,â•â—
matrix,ğŸ”¢ğŸ•¸ï¸
matter,ğŸŒŒâš›ï¸
maximum,ğŸ“ˆğŸš€
maze,ğŸŒ€ğŸ—ºï¸
meadow,ğŸŒ¾ğŸŒ¼
mean,â–ğŸ˜ 
measure,ğŸ“âš–ï¸
meat,ğŸ–ğŸ¥©
mechanic,ğŸ§‘â€ğŸ”§ğŸ”§
medal,ğŸ¥‡ğŸ…
media,ğŸ“ºğŸ™ï¸
melody,ğŸ¼ğŸ¶
melt,ğŸ§ŠğŸ”¥
member,ğŸ‘¤ğŸ‘¥
memory,ğŸ§ ğŸ’¾
mention,ğŸ’¬ğŸ“¢
menu,ğŸ“‹ğŸ´
mercy,ğŸ™âš™ï¸
merge,ğŸ”€ğŸƒ
merit,ğŸ†âš™ï¸
merry,ğŸ„ğŸ˜€
mesh,ğŸ•¸ï¸ğŸ§µ
message,ğŸ’¬ğŸ“¨
metal,âš™ï¸â›“ï¸
method,ğŸ“šğŸ“
middle,â—ğŸ“
midnight,ğŸŒ™ğŸ•›
milk,ğŸ¥›ğŸ¥›
million,ğŸª™ğŸ”¢
mimic,ğŸªğŸ™‚
mind,ğŸ§ âœ¨
minimum,ğŸ“‰ğŸƒ
minor,ğŸ‘¶âš ï¸
minute,â±ï¸ğŸ•’
miracle,âœ¨ğŸ™
mirror,ğŸªğŸª
misery,ğŸ˜¢ğŸƒ
miss,ğŸ¯ğŸ‘©
mistake,ğŸ“œâŒ
mix,ğŸ”€ğŸ¥£
mixed,âš–ï¸ğŸ”„
mixture,ğŸ§ªğŸ¥›
mobile,ğŸ“±ğŸ“±
model,ğŸ§â€â™€ï¸ğŸ†
modify,âœï¸ğŸ› ï¸
mom,ğŸ‘©â€ğŸ¼â¤ï¸
moment,â³ğŸ“¸
monitor,ğŸ–¥ï¸ğŸ‘€
monkey,ğŸ’ğŸ’
monster,ğŸ‘¾ğŸ‘¾
month,ğŸ“…ğŸ—“ï¸
moon,ğŸŒ™ğŸŒ™
moral,ğŸ™ï¸ğŸ’¡
more,ğŸ™‡â€â™‚ï¸ğŸ™‚
morning,ğŸŒ…â˜•
mosquito,ğŸ¦ŸğŸ¦Ÿ
mother,ğŸ‘©âš™ï¸
motion,ğŸƒâ€â™‚ï¸ğŸ”„
motor,âš™ï¸ğŸš—
mountain,ğŸ”ï¸ğŸ”ï¸
mouse,ğŸ­ğŸ–±ï¸
move,ğŸš¶â€â™‚ï¸â¡ï¸
movie,ğŸ¬ğŸ¥
much,ğŸ“ˆğŸ“¦
muffin,ğŸ§ğŸ¥®
mule,ğŸ«ğŸƒ
multiply,ğŸ”¢âœ–ï¸
muscle,ğŸ’ªğŸ¦µ
museum,ğŸ›ï¸ğŸ–¼ï¸
mushroom,ğŸ„ğŸ„
music,ğŸµğŸ¼
must,âœ…âœï¸
mutual,ğŸ¤â†”ï¸
myself,ğŸ™‹ğŸ»ğŸ™‹ğŸ»
mystery,ğŸ•µï¸â€â™‚ï¸â“
myth,ğŸ§™â€â™‚ï¸ğŸ‰
naive,ğŸ™‚ğŸ¼
name,ğŸ·ï¸ğŸ§¾
napkin,ğŸ¤§ğŸ¤§
narrow,ğŸ“ğŸ”½
nasty,ğŸ¤®ğŸ¤®
nation,ğŸ‡ºğŸ‡¸ğŸ‡ºğŸ‡¸
nature,ğŸŒ¿ğŸŒ
near,ğŸ“âœï¸
neck,ğŸ¦´ğŸ‘•
need,âš ï¸ğŸ“Œ
negative,â–âŒ
neglect,ğŸš«ğŸ‘¶
neither,â†”ï¸ğŸ™…
nephew,ğŸ‘¦ğŸ‘¨
nerve,ğŸ§ âš¡
nest,ğŸªºğŸ£
net,ğŸ£ğŸ•¸ï¸
network,ğŸŒğŸ”—
neutral,âš–ï¸âšª
never,ğŸš«â™¾ï¸
news,ğŸ“°ğŸ“º
next,â­ï¸â¡ï¸
nice,ğŸ˜ŠğŸŒ¸
night,ğŸŒ™ğŸŒŒ
noble,ğŸ‘‘âšœï¸
noise,ğŸ”ŠğŸ™‰
nominee,ğŸ…ğŸ§‘
noodle,ğŸœğŸœ
normal,ğŸ“ğŸ™‚
north,ğŸ§­â¬†ï¸
nose,ğŸ‘ƒğŸ‘ƒ
notable,ğŸŒŸğŸ“–
note,ğŸ“ğŸ¶
nothing,ğŸš«âšª
notice,ğŸ‘€ğŸ“œ
novel,ğŸ“šâœï¸
now,â°âœ…
nuclear,â˜¢ï¸ğŸŒ‹
number,ğŸ”¢ğŸ”¢
nurse,ğŸ‘©â€âš•ï¸ğŸ©º
nut,ğŸŒ°ğŸ¥œ
oak,ğŸŒ³ğŸƒ
obey,ğŸ™‡â€â™‚ï¸âœ…
object,ğŸ¯ğŸ“¦
oblige,ğŸ¤âš™ï¸
obscure,ğŸŒ«ï¸ğŸ™ˆ
observe,ğŸ‘€ğŸ”­
obtain,ğŸ“¦ğŸ¯
obvious,ğŸ‘ï¸âœ…
occur,ğŸ•’âš¡
ocean,ğŸŒŠğŸ 
october,ğŸƒğŸ
odor,ğŸ’¨ğŸ˜·
off,â›”ğŸ”Œ
offer,ğŸğŸ¤²
office,ğŸ¢ğŸ–‡ï¸
often,ğŸ”„ğŸ“†
oil,ğŸ›¢ï¸ğŸ’§
okay,ğŸ‘âœ…
old,ğŸ‘´ğŸ“œ
olive,ğŸ«’ğŸ«’
olympic,ğŸ…ğŸŸï¸
omit,ğŸš«ğŸ“
once,1ï¸âƒ£â³
one,1ï¸âƒ£1ï¸âƒ£
onion,ğŸ§…ğŸ§…
online,ğŸŒğŸ“±
only,ğŸš«ğŸ‘¥
open,ğŸ”“ğŸšª
opera,ğŸ­ğŸ¶
opinion,ğŸ’¬ğŸ§ 
oppose,âœŠğŸš«
option,âœ…â“
orange,ğŸŠğŸŸ 
orbit,ğŸŒğŸ›°ï¸
orchard,ğŸŒ³ğŸ
order,ğŸ“œğŸ“¦
ordinary,ğŸ™‚ğŸ“
organ,ğŸ¹ğŸ«
orient,ğŸŒ€ğŸ“
original,ğŸŒŸğŸ§¬
orphan,ğŸ‘¶ğŸš«
ostrich,ğŸ¦ğŸœï¸
other,ğŸ”„ğŸ‘¤
outdoor,ğŸŒ³ğŸï¸
outer,ğŸŒŒğŸš€
output,â¬†ï¸ğŸ’»
outside,ğŸšªğŸŒ³
oval,ğŸğŸŸ¢
oven,ğŸğŸ”¥
over,â¬†ï¸ğŸ”
own,ğŸ âš™ï¸
owner,ğŸ‘¤ğŸ 
oxygen,ğŸ«ğŸ’¨
oyster,ğŸ¦ªğŸ’
ozone,ğŸŒğŸ’¨
pact,ğŸ¤ğŸ¤
paddle,ğŸ›¶ğŸ¥¢
page,ğŸ“„âš™ï¸
pair,ğŸ‘¥âš™ï¸
palace,ğŸ°ğŸƒ
palm,ğŸŒ´âœ‹
panda,ğŸ¼ğŸ¼
panel,ğŸ–¥ï¸ğŸ“Š
panic,ğŸ˜±ğŸ”¥
panther,ğŸ†ğŸƒ
paper,ğŸ“„ğŸ“°
parade,ğŸ¥ğŸ‰
parent,ğŸ‘©ğŸƒ
park,ğŸŒ³ğŸ 
parrot,ğŸ¦œğŸ¦œ
party,ğŸ‰ğŸ¾
pass,ğŸ«âœ…
patch,ğŸ©¹ğŸ§µ
path,ğŸ›£ï¸â¡ï¸
patient,ğŸ¥ğŸ§‘â€âš•ï¸
patrol,ğŸš“ğŸ‘®
pattern,ğŸª¡ğŸ§µ
pause,â¸ï¸âœ‹
pave,ğŸ›£ï¸ğŸ§±
payment,ğŸ’µğŸ¤²
peace,â˜®ï¸ğŸ•Šï¸
peanut,ğŸ¥œğŸ¥œ
pear,ğŸğŸ
peasant,ğŸ‘¨â€ğŸŒ¾ğŸŒ¾
pelican,ğŸ¦©ğŸŸ
pen,ğŸ–Šï¸ğŸ–Šï¸
penalty,ğŸš«âš½
pencil,âœï¸âœï¸
people,ğŸ‘¥âœï¸
pepper,ğŸŒ¶ï¸ğŸ«‘
perfect,âœ…ğŸŒŸ
permit,ğŸªªğŸ“œ
person,ğŸ‘´ğŸ‘¥
pet,ğŸ•ğŸ¾
phone,ğŸ“±ğŸ“
photo,ğŸ“¸ğŸ“¸
phrase,ğŸ’¬ğŸ“–
physical,ğŸ‹ï¸â€â™‚ï¸ğŸ«€
piano,ğŸ¹ğŸ¹
picnic,ğŸ§ºğŸ‡
picture,ğŸ–¼ï¸ğŸ–¼ï¸
piece,ğŸ§©ğŸ§©
pig,ğŸ–ğŸ–
pigeon,ğŸ“šğŸ—‘ï¸
pill,ğŸ’ŠğŸƒ
pilot,ğŸ‘¨â€âœˆï¸âœˆï¸
pink,ğŸ©·ğŸŒ¸
pioneer,ğŸ§­ğŸš¶
pipe,ğŸªˆğŸ’¨
pistol,ğŸ”« ğŸ”«
pitch,ğŸ¤ğŸ¶
pizza,ğŸ•ğŸ•
place,ğŸ“ğŸ 
planet,ğŸŒğŸŒ
plastic,ğŸ§´â™»ï¸
plate,ğŸ½ï¸ ğŸ½ï¸
play,â–¶ï¸ â–¶ï¸
please,ğŸ‘€ğŸ§ 
pledge,ğŸ’¯ğŸ“Š
pluck,ğŸ¸âœ‚ï¸
plug,ğŸ­ğŸƒ
plunge,â“ğŸ¤·
poem,â°ğŸ“
poet,ğŸ§‘ğŸ“œ
point,ğŸ‘‰ğŸƒ
polar,ğŸ¥¶ğŸ»â€â„ï¸
pole,ğŸªœğŸ§Š
police,ğŸš“ğŸƒ
pond,ğŸ’¦ğŸŒŠ
pony,ğŸ´ğŸ´
pool,ğŸŠğŸ’¦
popular,ğŸŒŸğŸ‘¥
portion,ğŸ¥§ğŸ“
position,ğŸ“ğŸ§­
possible,ğŸ¤”âœ…
post,ğŸ“®âœ‰ï¸
potato,ğŸ¥”ğŸ¥”
pottery,ğŸ«–ğŸº
poverty,ğŸª™ğŸ’”
powder,ğŸ§‚ğŸ’¨
power,ğŸ’ªâš¡
practice,ğŸ“ğŸ¯
praise,ğŸ‘ğŸ™
predict,ğŸ”®ğŸ“ˆ
prefer,ğŸ‘‰ğŸ‘
prepare,ğŸ› ï¸ğŸ“¦
present,ğŸğŸ“…
pretty,ğŸŒ¸ğŸ˜Š
prevent,ğŸš«ğŸ›¡ï¸
price,ğŸ’µğŸ·ï¸
pride,ğŸ¦ğŸŒˆ
primary,1ï¸âƒ£ğŸ“˜
print,ğŸ–¨ï¸ğŸ“„
priority,ğŸ¥‡â±ï¸
prison,ğŸšï¸ğŸ”’
private,ğŸ”’ğŸ™Š
prize,ğŸ†ğŸ
problem,â“âš ï¸
process,âš™ï¸ğŸ“‹
produce,ğŸ¥¦ğŸ
profit,ğŸ’°âš™ï¸
program,ğŸ’»ğŸ“œ
project,ğŸ“ğŸ“Š
promote,ğŸ“¢ğŸ“ˆ
proof,ğŸ“œâœ…
property,ğŸ ğŸ“œ
prosper,ğŸŒŸğŸ’°
protect,ğŸ›¡ï¸ğŸ¤²
proud,ğŸ˜ŒğŸ‘‘
provide,ğŸ“¦ğŸ¤²
public,ğŸ“ğŸ“°
pudding,ğŸ¥£ğŸŸ¤
pull,ğŸ¤²â¬…ï¸
pulp,ğŸŠğŸ§ƒ
pulse,â¤ï¸ğŸ“‰
pumpkin,ğŸƒğŸƒ
punch,ğŸ‘ŠğŸ¥Š
pupil,ğŸ‘ï¸ğŸ‘¦
puppy,ğŸ¶ğŸ¾
purchase,ğŸ’³ğŸ›ï¸
purity,ğŸ’§ğŸ•Šï¸
purpose,ğŸ¯ğŸ“–
purse,ğŸ‘›ğŸ’°
push,âœ‹â¡ï¸
put,ğŸ“¦â¡ï¸
puzzle,ğŸ§©ğŸ§ 
pyramid,ğŸ”ºğŸœï¸
quality,âœ…â­
quantum,âš›ï¸ğŸŒ€
quarter,ğŸª™2ï¸âƒ£5ï¸âƒ£
question,â“ğŸƒ
quick,ğŸƒâœï¸
quit,ğŸšªâœï¸
quiz,â“ğŸ“
quote,ğŸ—¨ï¸ğŸ“
rabbit,ğŸ°ğŸ°
raccoon,ğŸ¦ğŸ¦
race,ğŸğŸ
rack,ğŸ—„ï¸ğŸ“š
radar,ğŸ“¡ğŸ”„
radio,ğŸ“»ğŸ“»
rail,ğŸ›¤ï¸ğŸ›¤ï¸
rain,ğŸŒ§ï¸ğŸŒ§ï¸
raise,ğŸ™‹â¬†ï¸
rally,ğŸ“£ğŸ¤
ramp,â†—ï¸ğŸ—ï¸
ranch,ğŸ„ğŸ¡
random,ğŸ²ğŸ”€
range,ğŸ¯ğŸ“
rapid,âš¡ğŸƒ
rare,ğŸ¦„âœ¨
rate,â­ğŸ“Š
rather,ğŸ¤”â¡ï¸
raven,ğŸ¦â€â¬›ğŸ¦â€â¬›
raw,ğŸ¥©âŒğŸ”¥
razor,ğŸª’ğŸª’
ready,âœ…â±ï¸
real,ğŸ”âœ…
reason,ğŸ¤”ğŸ“š
rebel,âœŠğŸ´â€â˜ ï¸
rebuild,ğŸ§±ğŸ”
recall,ğŸ”™ğŸ§ 
receive,ğŸ“¥ğŸ¤²
recipe,ğŸ“–ğŸ²
record,âºï¸ğŸ™ï¸
recycle,â™»ï¸â™»ï¸
reduce,â–ğŸ“‰
reflect,ğŸ”ğŸª
reform,ğŸ”§ğŸ“œ
refuse,ğŸš«ğŸ™…
region,ğŸ—ºï¸ğŸ“
regret,ğŸ˜ğŸ”„
regular,ğŸ“ğŸ“†
reject,âŒğŸ“¤
relax,ğŸ§˜ğŸŒ´
release,ğŸ•Šï¸ğŸ”“
relief,ğŸ˜®â€ğŸ’¨âœ…
rely,ğŸ¤ğŸ”’
remain,ğŸ§â¸ï¸
remember,ğŸ§ ğŸ”–
remind,â°ğŸ””
remove,ğŸ—‘ï¸â–
render,ğŸ–¥ï¸ğŸ¨
renew,ğŸ”„ğŸŒ±
rent,ğŸ ğŸ’µ
reopen,ğŸ”“ğŸ”
repair,ğŸ”§ğŸ©¹
repeat,ğŸ”ğŸ”
replace,ğŸ”ğŸ”€
report,ğŸ§¾ğŸ“Š
require,ğŸ“Œâœ…
rescue,ğŸ†˜ğŸš‘
resemble,ğŸªğŸ”
resist,âœ‹âš¡
resource,ğŸ§°ğŸƒ
response,ğŸ’¬â†©ï¸
result,ğŸ“ˆâœ…
retire,ğŸ§“ğŸ–ï¸
retreat,ğŸ”™ğŸ•ï¸
return,ğŸ”™ğŸ“¦
reunion,ğŸ¤ğŸ‰
reveal,ğŸ­ğŸ”“
review,ğŸ”ğŸ“
reward,ğŸ†âœï¸
rhythm,ğŸ¥ğŸµ
rib,ğŸ¦´ğŸƒ
ribbon,ğŸ€ğŸ€
rice,ğŸšğŸš
rich,ğŸ’°ğŸ’
ride,ğŸš´â¡ï¸
ridge,â›°ï¸â†”ï¸
rifle,ğŸ”«ğŸ¯
right,âœ…â¡ï¸
rigid,ğŸª¨ğŸ“
ring,ğŸ’ğŸ’
riot,ğŸ”¥ğŸš¨
ripple,ğŸŒŠã€°ï¸
risk,âš ï¸ğŸ²
ritual,ğŸ”¥ğŸ•¯ï¸
rival,âš”ï¸ğŸ¥‡
river,ğŸï¸ğŸ’§
road,ğŸ›£ï¸ğŸ›£ï¸
roast,ğŸ–ğŸ”¥
robot,ğŸ¤–ğŸ¤–
robust,ğŸ’ªğŸ—ï¸
rocket,ğŸš€ğŸš€
romance,ğŸ’˜ğŸŒ¹
roof,ğŸ â¬†ï¸
rookie,ğŸŒ±ğŸ“
room,ğŸšªğŸ 
rose,ğŸŒ¹ğŸŒ¹
rotate,ğŸ”ğŸƒ
rough,ğŸª¨ğŸª“
round,âšªğŸ”„
route,ğŸ—ºï¸â¡ï¸
royal,ğŸ‘‘ğŸ‘‘
rubber,ğŸ›ğŸ§ª
rude,ğŸ˜ ğŸš«
rug,ğŸ§¶ğŸƒ
rule,ğŸ“ğŸ“œ
run,ğŸƒâš™ï¸
runway,ğŸ›«ğŸ›£ï¸
rural,ğŸŒ¾ğŸ¡
sad,ğŸ˜¢ğŸ’§
saddle,ğŸğŸª‘
sadness,ğŸ˜ğŸŒ§ï¸
safe,ğŸ›¡ï¸âœ…
sail,â›µğŸŒ¬ï¸
salad,ğŸ¥—ğŸ¥—
salmon,ğŸŸğŸï¸
salon,ğŸ’‡â€â™€ï¸âœ‚ï¸
salt,ğŸ§‚ğŸ§‚
salute,ğŸ«¡ğŸ‡ºğŸ‡¸
same,ğŸ”=ï¸âƒ£
sample,ğŸ§ªğŸ“Š
sand,ğŸ–ï¸ğŸŸ¡
satisfy,ğŸ˜ŒğŸƒ
satoshi,â‚¿ğŸ§ 
sauce,ğŸ§‚ğŸ…
sausage,ğŸŒ­ğŸŒ­
save,ğŸ’¾âœ…
say,ğŸ’¬ğŸ—£ï¸
scale,âš–ï¸ğŸ“
scan,ğŸ“·ğŸ”
scare,ğŸ˜±ğŸ‘»
scatter,ğŸ¯ğŸ”€
scene,ğŸ¬ğŸ“
scheme,ğŸ—ºï¸ğŸ§©
school,ğŸ«ğŸ“š
science,ğŸ”¬ğŸ§ª
scissors,âœ‚ï¸âœ‚ï¸
scorpion,ğŸ¦‚ğŸ¦‚
scout,ğŸ”­ğŸ§­
scrap,ğŸ§»ğŸ—‘ï¸
screen,ğŸ–¥ï¸ğŸ–¼ï¸
script,ğŸ“œâœï¸
scrub,ğŸ§½ğŸ«§
sea,ğŸŒŠğŸŒŠ
search,ğŸ”ğŸ“š
season,ğŸ‚ğŸ“…
seat,ğŸ’ºğŸ’º
second,â±ï¸2ï¸âƒ£
secret,ğŸ¤«ğŸ”’
section,ğŸ“‘âœ‚ï¸
security,ğŸ›¡ï¸ğŸ”’
seed,ğŸŒ±ğŸŒ±
seek,ğŸ‘€ğŸ”
segment,ğŸ§©ğŸ“
select,âœ…ğŸ–±ï¸
sell,ğŸ’µğŸ“‰
seminar,ğŸ§‘â€ğŸ«ğŸ¤
senior,ğŸ‘´ğŸ“
sense,ğŸ‘ƒğŸ§ 
sentence,âœï¸ğŸ”¤
series,ğŸ“ºğŸ”¢
service,ğŸ› ï¸ğŸ¤
session,ğŸ•’ğŸª‘
settle,ğŸª™âš–ï¸
setup,âš™ï¸ğŸ§°
seven,7ï¸âƒ£7ï¸âƒ£
shadow,ğŸŒ‘ğŸ‘¤
shaft,ğŸ•³ğŸƒ
shallow,ğŸŒŠğŸ“
share,ğŸ”—ğŸ“¤
shed,ğŸ›–ğŸªµ
shell,ğŸšğŸš
sheriff,â­ğŸ‘®
shield,ğŸ›¡ï¸ğŸ›¡ï¸
shift,ğŸ”€â¡ï¸
shine,âœ¨â˜€ï¸
ship,ğŸš¢ğŸ“¦
shiver,â„ï¸ğŸ¥¶
shock,âš¡ğŸ˜®
shoe,ğŸ‘ŸğŸ‘Ÿ
shoot,ğŸ¯ğŸ¹
shop,ğŸ›ï¸ğŸ¬
short,ğŸ“â¬‡ï¸
shoulder,ğŸ’ªğŸ‘•
shove,ğŸ¤œâ¡ï¸
shrimp,ğŸ¤ğŸ¤
shrug,ğŸ¤·â€â™‚ï¸ğŸ˜
shuffle,ğŸ”€ğŸµ
shy,ğŸ™ˆğŸŒ¸
sibling,ğŸ‘§ğŸ‘¦
sick,ğŸ¤¢ğŸ¤’
side,â†”ï¸ğŸ“
siege,ğŸ›¡ï¸ğŸ°
sight,ğŸ‘ğŸƒ
sign,âœï¸ğŸª§
silent,ğŸ¤«ğŸ”‡
silk,ğŸ¥»ğŸ§µ
silly,ğŸ¤ªğŸˆ
silver,ğŸ¥ˆğŸ’¿
similar,ğŸ§â€â™‚ï¸ğŸ§â€â™‚ï¸
simple,âœ…ğŸ“„
since,â³â¡ï¸
sing,ğŸ¤ğŸµ
siren,ğŸš¨ğŸ“¢
sister,ğŸ‘§ğŸ’
situate,ğŸ“ğŸƒ
six,6ï¸âƒ£6ï¸âƒ£
size,ğŸ“ğŸ“
skate,ğŸ›¼ğŸ§Š
sketch,âœï¸ğŸ“„
ski,ğŸ¿â›·ï¸
skill,ğŸ§ ğŸ¯
skin,ğŸ§´ğŸ§
skirt,ğŸ‘—ğŸ‘—
skull,ğŸ’€ğŸ’€
slab,ğŸ§±â¬›
slam,ğŸ¤œğŸšª
sleep,ğŸ˜´ğŸ›ï¸
slender,ğŸ‘—ğŸ“
slice,ğŸ”ªğŸ
slide,â†˜ï¸ğŸ§Š
slight,ğŸ“ğŸª¶
slim,ğŸª¶ğŸ“‰
slogan,ğŸª§ğŸ”¤
slot,ğŸ°ğŸ•³ï¸
slow,ğŸ¢â³
slush,ğŸ§ŠğŸ«—
small,ğŸœğŸ“
smart,ğŸ§ ğŸ’¡
smile,ğŸ™‚âš™ï¸
smoke,ğŸš¬ğŸ’¨
smooth,ğŸ§ˆâ¡ï¸
snack,ğŸªğŸ¥¨
snake,ğŸğŸ
snap,ğŸ«°âš¡
sniff,ğŸ‘ƒğŸ¶
snow,â„ï¸ğŸŒ¨ï¸
soap,ğŸ§¼ğŸ«§
soccer,âš½ğŸ¥…
social,ğŸ‘¥ğŸ’¬
sock,ğŸ§¦ğŸ§¦
soda,ğŸ¥¤ğŸ«§
soft,ğŸ§¸ğŸª¶
solar,â˜€ï¸ğŸ”†
soldier,ğŸª–ğŸª–
solid,ğŸ§±ğŸ“¦
solution,ğŸ§ªğŸƒ
solve,ğŸ§©âœ…
someone,ğŸ‘¤â“
song,ğŸµğŸƒ
soon,â¡ï¸â³
sorry,ğŸ™ğŸ˜”
sort,ğŸ—‚ï¸ğŸ”¤
soul,ğŸ•Šï¸âœ¨
sound,ğŸ”ŠğŸµ
soup,ğŸ²ğŸ¥„
source,ğŸ”—ğŸ“š
south,ğŸ§­â¬‡ï¸
space,ğŸš€ğŸƒ
spare,ğŸ†“ğŸ§°
spatial,ğŸ—ºï¸ğŸ“
spawn,ğŸ£âœ¨
speak,ğŸ—£ï¸ğŸ’¬
special,â­ğŸ
speed,ğŸï¸ğŸ’¨
spell,âœ¨ğŸ”¤
spend,ğŸ’¸ğŸ•’
sphere,âšªğŸŒ
spice,ğŸŒ¶ï¸ğŸ§‚
spider,ğŸ•·ï¸ğŸ•¸ï¸
spike,ğŸ“ˆğŸ“Œ
spin,ğŸŒ€â†©ï¸
spirit,ğŸ‘»âœ¨
split,âœ‚ï¸â†”ï¸
spoil,ğŸ—‘ï¸ğŸ
sponsor,ğŸ¤ğŸ’°
spoon,ğŸ¥„ğŸ¥„
sport,ğŸŸï¸ğŸƒ
spot,ğŸ“ğŸ”
spray,ğŸ’¦ğŸ§´
spread,â¡ï¸â¡ï¸
spring,ğŸŒ¸ğŸŒ±
spy,ğŸ•µï¸â€â™‚ï¸ğŸ”
square,â¬œğŸ“
squeeze,âœŠğŸ‹
squirrel,ğŸ¿ï¸ğŸŒ°
stable,ğŸğŸšï¸
stadium,ğŸŸï¸ğŸ«
staff,ğŸ§‘â€ğŸ’¼ğŸ‘¥
stage,ğŸ­ğŸ¤
stairs,ğŸªœâ†—ï¸
stamp,ğŸ–‹ï¸ğŸ“®
stand,ğŸ§â¬†ï¸
start,â–¶ï¸ğŸš€
state,ğŸ›ğŸƒ
stay,ğŸ§ğŸƒ
steak,ğŸ¥©ğŸ”¥
steel,ğŸ—œï¸ğŸ”©
stem,ğŸŒ±ğŸ”¬
step,ğŸ‘£1ï¸âƒ£
stereo,ğŸ”ŠğŸšï¸
stick,ğŸªµğŸ“Œ
still,ğŸ§˜â¸ï¸
sting,ğŸğŸ’¢
stock,ğŸ“ˆğŸ¦
stomach,ğŸ¤¢ğŸ½ï¸
stone,ğŸª¨ğŸª¨
stool,ğŸª‘ğŸª‘
story,ğŸ“–âœ¨
stove,ğŸ”¥ğŸ³
strategy,â™Ÿï¸ğŸ¯
street,ğŸ›£âš™ï¸
strike,âš¡âœŠ
strong,ğŸ’ªğŸ‹ï¸
struggle,ğŸ¥µğŸ§—
student,ğŸ“ğŸ“š
stuff,ğŸ“¦ğŸ“¦
stumble,ğŸ¤¦â€â™‚ï¸ğŸš§
style,ğŸ‘—âœ¨
subject,ğŸ“ğŸ“š
submit,ğŸ“¤âœ…
subway,ğŸš‡ğŸš‡
success,ğŸ†ğŸƒ
such,ğŸ‘‰ğŸ“
sudden,âš¡â±ï¸
suffer,ğŸ˜£ğŸ’¢
sugar,ğŸ¬ğŸƒ
suggest,ğŸ’¡ğŸ“¤
suit,ğŸ‘”ğŸ‘”
summer,â˜€ï¸ğŸ–ï¸
sun,â˜€ï¸â˜€ï¸
sunny,â˜€ï¸ğŸ˜
sunset,ğŸŒ‡ğŸŒ‡
super,ğŸ¦¸â­
supply,ğŸ“¦âœï¸
supreme,ğŸ‘‘ğŸ“œ
sure,âœ…ğŸ‘
surface,ğŸ§¼ğŸªµ
surge,ğŸ“ˆğŸƒ
surprise,ğŸğŸ˜®
surround,ğŸ”„ğŸ 
survey,ğŸ“‹ğŸ“Š
suspect,ğŸ•µğŸƒ
sustain,ğŸŒ±â™»ï¸
swallow,ğŸ¦ğŸ½ï¸
swamp,ğŸŠğŸŒ¿
swap,ğŸ”ğŸ”„
swarm,ğŸğŸ
swear,ğŸ¤ğŸ“œ
sweet,ğŸ°ğŸ˜Š
swift,ğŸ¦ğŸ’¨
swim,ğŸŠâ€â™‚ï¸ğŸŒŠ
swing,ğŸª€â†”ï¸
switch,ğŸ”€â»
sword,âš”ï¸âš”ï¸
symbol,ğŸ”£ğŸ”¤
symptom,ğŸ¤’ğŸ“‹
syrup,ğŸ¯ğŸ«™
system,ğŸ–¥ï¸âš™ï¸
table,ğŸª‘ğŸ½ï¸
tackle,ğŸˆğŸ¤¼
tag,ğŸ·ï¸ğŸ·ï¸
tail,ğŸ•â¡ï¸
talent,ğŸ­â­
talk,ğŸ—£ğŸƒ
tank,ğŸ›¢ï¸ğŸª–
tape,ğŸ“¼ğŸ“¼
target,ğŸ¯ğŸ¯
task,ğŸ“‹âœ…
taste,ğŸ‘…ğŸ´
tattoo,ğŸ–‹ï¸ğŸ–¤
taxi,ğŸš•ğŸš•
teach,ğŸ‘©â€ğŸ«ğŸ“š
team,ğŸ‘¥âš½
tell,ğŸ—£ï¸â¡ï¸
ten,ğŸ”ŸğŸ”Ÿ
tenant,ğŸ ğŸ”‘
tennis,ğŸ¾ğŸ¾
tent,â›ºğŸŒ²
term,ğŸ“–ğŸ—“ï¸
test,ğŸ§ªâœ…
text,ğŸ“ğŸ“±
thank,ğŸ™ğŸ˜Š
that,ğŸ‘‰ğŸ“Œ
theme,ğŸ¨ğŸ“š
then,â­ï¸â³
theory,ğŸ“šğŸ§ 
there,ğŸ“â¡ï¸
they,ğŸ‘¥ğŸ‘‰
thing,ğŸ“¦â“
this,ğŸ‘‰âš™ï¸
thought,ğŸ’­ğŸ’­
three,3ï¸âƒ£3ï¸âƒ£
thrive,ğŸŒ±ğŸ’ª
throw,ğŸ¤¾â€â™‚ï¸â¡ï¸
thumb,ğŸ‘ğŸ‘
thunder,ğŸŒ©ï¸âš¡
ticket,ğŸŸï¸ğŸŸï¸
tide,ğŸŒŠğŸƒ
tiger,ğŸ…ğŸ…
tilt,â†—ï¸â†˜ï¸
timber,ğŸªµğŸŒ²
time,â°ğŸƒ
tiny,ğŸœğŸƒ
tip,ğŸ’¡ğŸ’°
tired,ğŸ¥±ğŸ’¤
tissue,ğŸ§»ğŸ§»
title,ğŸ“–ğŸ†
toast,ğŸğŸƒ
tobacco,ğŸš¬ğŸŒ¿
today,ğŸ“…â˜€ï¸
toddler,ğŸ‘¶ğŸš¶
toe,ğŸ¦¶ğŸ¦¶
together,ğŸ¤â¤ï¸
toilet,ğŸš½ğŸš½
token,ğŸŸï¸ğŸ’±
tomato,ğŸ…ğŸ…
tomorrow,ğŸ“…â¡ï¸
tone,ğŸµğŸšï¸
tongue,ğŸ‘…ğŸ‘…
tonight,ğŸŒ™ğŸ•’
tool,ğŸ› ï¸ğŸ§°
tooth,ğŸ¦·ğŸ¦·
top,ğŸ”ğŸ”
topic,ğŸ—‚ï¸ğŸ’¬
topple,ğŸª†â¬‡ï¸
torch,ğŸ”¦ğŸ”¥
tornado,ğŸŒªï¸ğŸŒªï¸
tortoise,ğŸ¢ğŸ¢
toss,ğŸ¤¾â€â™€ï¸â¡ï¸
total,ğŸ§®âœ…
tourist,ğŸ’ğŸ“¸
toward,â¡ğŸƒ
tower,ğŸ—¼ğŸ™ï¸
town,ğŸ˜ï¸ğŸ˜ï¸
toy,ğŸ§¸ğŸ§¸
track,ğŸ›¤ï¸ğŸƒ
trade,ğŸ”„ğŸ’±
traffic,ğŸš¦ğŸš—
tragic,ğŸ˜¢âš°ï¸
train,ğŸš†ğŸš†
transfer,ğŸ”„ğŸ’³
trap,ğŸª¤ğŸ­
trash,ğŸ—‘ï¸ğŸ—‘ï¸
travel,âœˆï¸ğŸ§³
tray,ğŸ½ï¸ğŸ“¦
treat,ğŸ¬ğŸ
tree,ğŸŒ³ğŸŒ³
trend,ğŸ“ˆğŸ”¥
trial,âš–ï¸ğŸ“œ
tribe,ğŸª¶ğŸ‘¥
trick,ğŸ©âœ¨
trigger,ğŸ”«âš¡
trim,âœ‚ï¸ğŸŒ¿
trip,ğŸ§³ğŸ›«
trophy,ğŸ†ğŸ†
trouble,ğŸ˜°âš¡
truck,ğŸššğŸšš
true,âœ…ğŸ¯
truly,ğŸ™Œâœ…
trumpet,ğŸºğŸº
trust,ğŸ¤ğŸƒ
truth,âš–ï¸ğŸ“–
try,ğŸƒâ€â™‚ï¸â¡ï¸
tube,ğŸ§ªğŸš‡
tuition,ğŸ“ğŸ’µ
tumble,ğŸ¤¸â€â™‚ï¸â¬‡ï¸
tuna,ğŸŸğŸ£
tunnel,ğŸš‡ğŸ•³ï¸
turkey,ğŸ¦ƒğŸ¦ƒ
turn,ğŸ”„â¡ï¸
turtle,ğŸ¢ğŸŒŠ
twelve,1ï¸âƒ£2ï¸âƒ£
twenty,2ï¸âƒ£0ï¸âƒ£
twice,2ï¸âƒ£âœŒï¸
twin,ğŸ‘¯ğŸ‘¯
twist,ğŸ”€ğŸŒ€
two,2ï¸âƒ£2ï¸âƒ£
type,âŒ¨ï¸ğŸ“„
typical,ğŸ“ğŸ“Š
ugly,ğŸ¤¢ğŸš«
umbrella,â˜‚ï¸â˜‚ï¸
unable,ğŸš«ğŸ’ª
unaware,ğŸ™ˆâ“
uncle,ğŸ‘¨â€ğŸ¦³ğŸ‘¶
uncover,ğŸ”“ğŸ•µï¸
under,â¬‡ï¸ğŸ“
undo,â¬…ï¸âŒ
unfair,âš–ï¸ğŸš«
unfold,ğŸ“„â¡ï¸
unhappy,ğŸ˜ğŸ’§
uniform,ğŸ‘•ğŸƒ
unique,ğŸŒŸâœ¨
unit,ğŸ“¦1ï¸âƒ£
universe,ğŸŒŒğŸŒ
unknown,â“ğŸŒ«ï¸
unlock,ğŸ”“ğŸ”‘
until,â³ğŸ¯
unusual,ğŸ¤”ğŸŒŸ
unveil,ğŸ­ğŸ‘€
update,ğŸ”„ğŸ†•
upgrade,â¬†ï¸âš™ï¸
uphold,âœ‹âš–ï¸
upon,ğŸ“–ğŸƒ
upper,â¬†ï¸ğŸ“
upset,ğŸ˜¡ğŸ’¢
urban,ğŸ™ï¸ğŸ™ï¸
urge,âš¡ğŸ‘‰
usage,ğŸ“ŠğŸ“ˆ
use,ğŸ› ï¸âœ…
used,ğŸ§¾âœ…
useful,ğŸ‘ğŸ› ï¸
useless,âŒğŸª£
usual,ğŸ“†ğŸ”
utility,âš™ï¸ğŸ”Œ
vacant,ğŸª‘ğŸš«
vacuum,ğŸ§¹ğŸ•³ï¸
vague,ğŸŒ«ï¸â“
valid,âœ…ğŸ“¦
valley,â›°ï¸ğŸŒ„
valve,ğŸš°âš™ï¸
van,ğŸšğŸš
vanish,ğŸŒ«ï¸âœ¨
vapor,ğŸ’¨ğŸ’¨
various,ğŸ”€ğŸ“¦
vast,ğŸŒŒğŸƒ
vault,ğŸ¦ğŸ”’
vehicle,ğŸš—ğŸš—
velvet,ğŸ§µğŸ€
vendor,ğŸ§‘â€ğŸ’¼ğŸª
venture,ğŸš€ğŸ’¼
venue,ğŸªğŸŸï¸
verb,âœğŸƒ
verify,âœ…ğŸ”
version,ğŸ“‘ğŸ”„
very,â­âœ…
vessel,ğŸš¢âš“
veteran,ğŸ–ï¸ğŸ‘´
viable,ğŸŒ±âœ…
vibrant,ğŸŒˆâœ¨
vicious,ğŸ˜ˆâš¡
victory,ğŸ†âœŒï¸
video,ğŸ“¹ğŸï¸
view,ğŸ‘€ğŸŒ„
village,ğŸ˜ï¸ğŸŒ¾
vintage,ğŸ“»ğŸ©
violin,ğŸ»ğŸ»
virtual,ğŸ’»ğŸŒ
virus,ğŸ¦ ğŸ¦ 
visa,ğŸ›‚ğŸ“œ
visit,ğŸš¶ğŸ“
visual,ğŸ‘ï¸ğŸ¨
vital,â¤ï¸ğŸŒ±
vivid,ğŸŒˆğŸ‘ï¸
vocal,ğŸ¤ğŸ—£ï¸
voice,ğŸ—£ï¸ğŸ”Š
void,ğŸ•³ï¸ğŸŒŒ
volcano,ğŸŒ‹ğŸŒ‹
volume,ğŸ”ŠğŸ“š
vote,ğŸ—³ï¸ğŸ“
voyage,ğŸš¢âš™ï¸
wage,ğŸ’µğŸ’¼
wagon,ğŸš™ğŸ›
wait,â³ğŸ›‘
walk,ğŸš¶â€â™‚ï¸ğŸ‘£
wall,ğŸ§±âœï¸
walnut,ğŸŒ°ğŸŒ°
want,ğŸ™ğŸ’­
warfare,âš”ï¸ğŸ’£
warm,ğŸŒğŸ”¥
warrior,ğŸª–âš”ï¸
wash,ğŸ§¼ğŸš¿
wasp,ğŸğŸƒ
waste,ğŸ—‘ï¸â™»ï¸
water,ğŸ’§ğŸ’§
wave,ğŸŒŠğŸ‘‹
way,ğŸ›£ğŸƒ
wealth,ğŸ’°ğŸ‘‘
weapon,ğŸ”«âš”ï¸
wear,ğŸ‘•ğŸ‘–
weasel,ğŸ¦¦ğŸ¦¦
weather,ğŸŒ¦ï¸ğŸŒ¤ï¸
web,ğŸ•¸ï¸ğŸŒ
wedding,ğŸ‘°ğŸ¤µ
weekend,ğŸ“…ğŸ‰
weird,ğŸŒ€ğŸ˜œ
welcome,ğŸ™ŒğŸ¤
west,ğŸ§­â¬…ï¸
wet,ğŸ’¦ğŸ’¦
whale,ğŸ‹ğŸ‹
what,â“ğŸ‘‰
wheat,ğŸŒ¾ğŸƒ
wheel,ğŸ›âš™ï¸
when,â°â“
where,ğŸ“â“
whip,ğŸâ¡ï¸
whisper,ğŸ¤«ğŸ‘‚
wide,ğŸ“ğŸƒ
width,ğŸ“âš™ï¸
wife,ğŸ‘°ğŸ’
wild,ğŸ†ğŸŒ¿
will,ğŸ“âœ…
win,ğŸ†ğŸ‰
window,ğŸªŸğŸ 
wine,ğŸ·ğŸ·
wing,ğŸª½ğŸª½
wink,ğŸ˜‰ğŸ˜‰
winner,ğŸ¥‡ğŸ†
winter,ğŸŒ¨ï¸â„ï¸
wire,ğŸ”ŒğŸ§µ
wisdom,ğŸ¦‰ğŸ“š
wise,ğŸ‘´ğŸ§ 
wish,ğŸŒ ğŸ™
witness,ğŸ‘€âš–ï¸
wolf,ğŸºğŸº
woman,ğŸ‘©ğŸ‘©
wonder,ğŸ¤”âœ¨
wood,ğŸªµğŸªµ
wool,ğŸ§¶ğŸ‘
word,ğŸ”¤ğŸ—£ï¸
work,ğŸ’¼ğŸ”¨
world,ğŸŒâš™ï¸
worry,ğŸ˜ŸğŸ’­
worth,ğŸ’âš™ï¸
wrap,ğŸğŸŒ€
wreck,ğŸš¢ğŸƒ
wrestle,ğŸ¤¼ğŸ¤¼
wrist,âŒšâœ‹
write,âœï¸ğŸ“
wrong,âŒâ†”ï¸
yard,ğŸŒ±ğŸ¡
year,ğŸ“…ğŸ“†
yellow,ğŸŸ¨ğŸŒ¼
you,ğŸ«µğŸ«µ
young,ğŸ‘¶ğŸŒ±
youth,ğŸ§’ğŸ“
zebra,ğŸ¦“ğŸ¦“
zero,0ï¸âƒ£âšª
zone,ğŸ“ğŸ—ºï¸
zoo,ğŸ’ğŸï¸
