index,word,emoji1,emoji2
1,abandon,ğŸš,ğŸšª
2,ability,ğŸ§ ,ğŸ’ª
3,able,ğŸ’ª,ğŸ§ 
4,about,â„¹,ğŸ“–
5,above,â¬†,â˜ï¸
6,absent,ğŸš«,ğŸ‘¤
7,absorb,ğŸ§½,ğŸ’§
8,abstract,ğŸ¨,ğŸ“
9,absurd,ğŸ¤ª,â—
10,abuse,ğŸš«,ğŸ‘Š
11,access,ğŸ”‘,ğŸšª
12,accident,ğŸš—,ğŸ’¥
13,account,ğŸ¦,ğŸ“Š
14,accuse,ğŸ‘‰,âš–
15,achieve,ğŸ†,ğŸ¯
16,acid,âš—,ğŸ§ª
17,acoustic,ğŸ¸,ğŸ¶
18,acquire,ğŸ“¥,ğŸ“¦
19,across,â†”,ğŸŒ‰
20,act,ğŸ­,ğŸ¬
21,action,ğŸ¬,âš¡ï¸
22,actor,ğŸ¬,ğŸ‘¨
23,actress,ğŸ¬,ğŸ‘©
24,actual,âš–ï¸,ğŸ“
25,adapt,ğŸ”„,ğŸ¦
26,add,â•,â•
27,addict,ğŸ’Š,ğŸ”—
28,address,ğŸ ,ğŸ“
29,adjust,âš™,ğŸ”§
30,admit,ğŸšª,ğŸ™‹
31,adult,ğŸ‘©,ğŸ‘¨
32,advance,â©,ğŸ“ˆ
33,advice,ğŸ’¬,ğŸ¤
34,aerobic,ğŸ¤¸,ğŸ¤¸
35,affair,ğŸ’Œ,ğŸ¤«
36,afford,ğŸ’µ,ğŸ›ï¸
37,afraid,ğŸ˜¨,ğŸ˜±
38,again,ğŸ”,ğŸ”
39,age,ğŸ‚,ğŸ“…
40,agent,ğŸ•µ,ğŸ’¼
41,agree,ğŸ¤,ğŸ’¬
42,ahead,â¬†,ğŸš¶
43,aim,ğŸ¹,ğŸ¯
44,air,ğŸŒ¬,ğŸ’¨
45,airport,âœˆ,ğŸ›«
46,aisle,ğŸ›’,â¡
47,alarm,â°,â—
48,album,ğŸ’¿,ğŸ¶
49,alcohol,ğŸº,ğŸ·
50,alert,ğŸš¨,ğŸ‘€
51,alien,ğŸ‘½,ğŸš€
52,all,ğŸŒ,â™¾ï¸
53,alley,ğŸ›£,ğŸ™
54,allow,ğŸ‘,âœ
55,almost,â³,âœ
56,alone,ğŸ‘¤,ğŸŒ™
57,alpha,ğŸ” ,ğŸ…°
58,already,ğŸ“,âœ…
59,also,â•,ğŸ¤
60,alter,ğŸ”„,ğŸ­
61,always,ğŸ”,â™¾
62,amateur,ğŸ¨,ğŸ“·
63,amazing,ğŸ¤©,ğŸŒŸ
64,among,ğŸ‘¥,ğŸŒ
65,amount,ğŸ“Š,ğŸ’²
66,amused,ğŸ˜†,ğŸ­
67,analyst,ğŸ“Š,ğŸ§ 
68,anchor,âš“,âš“
69,ancient,ğŸ›,ğŸ“œ
70,anger,ğŸ˜¡,ğŸ”¥
71,angle,ğŸ“,ğŸ“
72,angry,ğŸ˜ ,ğŸ’¢
73,animal,ğŸ¾,ğŸ¾
74,ankle,ğŸ¦¶,ğŸ¦´
75,announce,ğŸ“¢,ğŸ“°
76,annual,ğŸ“…,ğŸ”
77,another,ğŸ”„,â•
78,answer,ğŸ’¬,ğŸ§ 
79,antenna,ğŸ“¡,ğŸ“¡
80,antique,ğŸº,ğŸ•°
81,anxiety,ğŸ˜°,ğŸ’­
82,any,â“,ğŸ”€
83,apart,â†”,ğŸ 
84,apology,ğŸ™,ğŸ’¬
85,appear,ğŸ‘€,âœ¨
86,apple,ğŸ,ğŸ
87,approve,ğŸ‘,âš™
88,april,ğŸŒ¸,ğŸ“…
89,arch,ğŸ›,ğŸ¯
90,arctic,â„,ğŸŒŠ
91,area,ğŸ“,ğŸ“
92,arena,ğŸŸ,ğŸ¤
93,argue,ğŸ—£,âš¡
94,arm,ğŸ’ª,ğŸ¦¾
95,armed,ğŸ”«,ğŸ›¡
96,armor,ğŸª–,ğŸ›¡
97,army,ğŸ–,ğŸ‘¥
98,around,ğŸ”„,ğŸŒ
99,arrange,ğŸ“…,ğŸ“¦
100,arrest,ğŸ‘®,ğŸ”—
101,arrive,âœˆ,ğŸ“
102,arrow,â¡,ğŸ¹
103,art,ğŸ¨,ğŸ–Œ
104,artefact,ğŸº,ğŸ“œ
105,artist,ğŸ‘©,ğŸ¤
106,artwork,ğŸ–¼,ğŸ–Œ
107,ask,â“,ğŸ’¬
108,aspect,ğŸ”,ğŸ“
109,assault,ğŸ‘Š,ğŸ’¥
110,asset,ğŸ’°,ğŸ¦
111,assist,ğŸ¤,âš½
112,assume,ğŸ¤”,ğŸ“œ
113,asthma,ğŸ˜®,ğŸ«
114,athlete,ğŸƒ,ğŸ…
115,atom,âš›ï¸,âš›ï¸
116,attack,âš”ï¸,ğŸ’¥
117,attend,âœ‹,ğŸ«
118,attitude,ğŸ™‚,ğŸ‘
119,attract,ğŸ§²,â¤ï¸
120,auction,ğŸ”¨,ğŸ’µ
121,audit,ğŸ“Š,ğŸ”
122,august,ğŸ‚,ğŸ
123,aunt,ğŸ‘©,ğŸ‘¶
124,author,âœ,ğŸ“–
125,auto,ğŸš—,ğŸš—
126,autumn,ğŸ‚,ğŸ
127,average,ğŸ“Š,ğŸ§®
128,avocado,ğŸ¥‘,ğŸ¥‘
129,avoid,ğŸš«,ğŸš«
130,awake,â°,ğŸ™‹
131,aware,ğŸ‘€,ğŸ’¡
132,away,â¡,ğŸšª
133,awesome,ğŸŒŸ,ğŸ‰
134,awful,ğŸ˜–,ğŸ‘
135,awkward,ğŸ˜¬,ğŸªµ
136,axis,ğŸ”­,ğŸ“
137,baby,ğŸ¼,ğŸ‘¶
138,bachelor,ğŸ“,ğŸ‘¨
139,bacon,ğŸ¥“,ğŸ¥“
140,badge,ğŸªª,ğŸ‘®
141,bag,ğŸ‘œ,ğŸ“¦
142,balance,ğŸ¤¸,âš–ï¸
143,balcony,ğŸ ,ğŸªŸ
144,ball,âš½,âš½
145,bamboo,ğŸ‹,ğŸ‹
146,banana,ğŸŒ,ğŸŒ
147,banner,ğŸš©,ğŸ§¾
148,bar,ğŸ¸,ğŸ§±
149,barely,ğŸ“‰,â³
150,bargain,ğŸ·,ğŸ’µ
151,barrel,ğŸ›¢,ğŸ›¢
152,base,ğŸ§±,ğŸ“
153,basic,ğŸ“š,ğŸ”¤
154,basket,ğŸ§º,ğŸ“¦
155,battle,âš”,ğŸ°
156,beach,ğŸ–,ğŸ–
157,bean,ğŸ«˜,ğŸ«˜
158,beauty,ğŸŒ¸,ğŸŒŸ
159,because,ğŸ§ ,ğŸ”—
160,become,ğŸ›,ğŸ¦‹
161,beef,ğŸ¥©,ğŸ¥©
162,before,â®,ğŸ“…
163,begin,â–¶,ğŸ
164,behave,ğŸ§,ğŸ˜‡
165,behind,â¬…,ğŸ“
166,believe,ğŸ¤²,ğŸ¤²
167,below,ğŸ‘‡,ğŸ‘‡
168,belt,ğŸ§µ,ğŸª¢
169,bench,ğŸª‘,ğŸŸ
170,benefit,ğŸ’°,ğŸ“ˆ
171,best,ğŸ¥‡,ğŸŒŸ
172,betray,ğŸ¤«,âš”
173,better,ğŸ“ˆ,ğŸ‘
174,between,â†”,ğŸ“
175,beyond,ğŸš€,ğŸŒŒ
176,bicycle,ğŸš²,ğŸš²
177,bid,ğŸ·,âœ‹
178,bike,ğŸš´,ğŸš´
179,bind,ğŸª¢,ğŸ“š
180,biology,ğŸ§¬,ğŸ“š
181,bird,ğŸ¦,ğŸ¦
182,birth,ğŸ‘¶,ğŸ‰
183,bitter,ğŸ˜–,ğŸ‹
184,black,âš«,â¬›
185,blade,ğŸ”ª,ğŸ—¡
186,blame,â˜,â—
187,blanket,ğŸ§¶,ğŸ›Œ
188,blast,ğŸ’¥,ğŸŒª
189,bleak,ğŸŒ«,ğŸ¥¶
190,bless,ğŸ™,âœ¨
191,blind,ğŸ™ˆ,ğŸš«
192,blood,ğŸ©¸,ğŸ©¸
193,blossom,ğŸŒ¸,ğŸŒº
194,blouse,ğŸ‘š,ğŸ‘š
195,blue,ğŸ”µ,ğŸ”µ
196,blur,ğŸŒ«,ğŸ”
197,blush,ğŸ˜Š,âš™
198,board,ğŸ§±,ğŸ“‹
199,boat,ğŸš¤,ğŸš¤
200,body,ğŸ§,ğŸ«€
201,boil,ğŸ”¥,ğŸ’§
202,bomb,ğŸ’£,ğŸ’£
203,bone,ğŸ¦´,ğŸ¦´
204,bonus,ğŸ,ğŸ’µ
205,book,ğŸ“–,ğŸ“–
206,boost,ğŸ“ˆ,âš¡
207,border,ğŸš§,ğŸ
208,boring,ğŸ¥±,âŒ›
209,borrow,ğŸ¤²,ğŸ’µ
210,boss,ğŸ‘‘,ğŸ‘”
211,bottom,â¬‡,ğŸ“
212,bounce,ğŸ€,ğŸ”„
213,box,ğŸ“¦,âš™
214,boy,ğŸ‘¦,ğŸ‘¦
215,bracket,ğŸ“,ğŸ—‚
216,brain,ğŸ§ ,ğŸ§ 
217,brand,ğŸ·,ğŸ¢
218,brass,ğŸ§²,ğŸŸ¡
219,brave,ğŸ¦,ğŸ’ª
220,bread,ğŸ,ğŸ
221,breeze,ğŸŒ¬,ğŸƒ
222,brick,ğŸ§±,ğŸ§±
223,bridge,ğŸŒ‰,ğŸŒ‰
224,brief,ğŸ“„,â±
225,bright,ğŸ’¡,ğŸŒŸ
226,bring,ğŸ¤²,â¡
227,brisk,ğŸ’¨,â„ï¸
228,broccoli,ğŸ¥¦,ğŸ¥¦
229,broken,âŒ,ğŸ§©
230,bronze,ğŸŸ¤,ğŸ…
231,broom,ğŸ§¹,ğŸ§¹
232,brother,ğŸ‘¦,âš™
233,brown,ğŸŸ«,ğŸŸ«
234,brush,ğŸª¥,ğŸª¥
235,bubble,ğŸ«§,ğŸ«§
236,buddy,ğŸ‘¬,ğŸ¤
237,budget,ğŸ’µ,ğŸ“Š
238,buffalo,ğŸ¦¬,ğŸ¦¬
239,build,ğŸ§±,ğŸ”§
240,bulb,ğŸ’¡,ğŸ’¡
241,bulk,ğŸ“¦,ğŸ›’
242,bullet,ğŸ”«,ğŸ”˜
243,bundle,ğŸ“¦,ğŸª¢
244,bunker,ğŸš,ğŸ›¡
245,burden,ğŸ§±,ğŸ“‰
246,burger,ğŸ”,ğŸ”
247,burst,ğŸ’¥,â—
248,bus,ğŸšŒ,ğŸšŒ
249,business,ğŸ’¼,ğŸ¢
250,busy,ğŸ“¥,ğŸ˜©
251,butter,ğŸ§ˆ,ğŸ§ˆ
252,buyer,ğŸ§‘,ğŸ’³
253,buzz,ğŸ,ğŸ”Š
254,cabbage,ğŸ¥¬,ğŸ¥¬
255,cabin,ğŸš,ğŸŒ²
256,cable,ğŸ”Œ,ğŸª¢
257,cactus,ğŸŒµ,ğŸŒµ
258,cage,ğŸªº,ğŸ”’
259,cake,ğŸ°,ğŸ°
260,call,ğŸ“,ğŸ—£
261,calm,ğŸ˜Œ,ğŸŒŠ
262,camera,ğŸ“·,ğŸ“·
263,camp,ğŸ•,ğŸ•
264,can,ğŸ¥«,ğŸ¥«
265,canal,ğŸš¤,ğŸ›£
266,cancel,âŒ,ğŸ—“
267,candy,ğŸ¬,ğŸ¬
268,cannon,ğŸ’£,ğŸ›¡
269,canoe,ğŸ›¶,ğŸ›¶
270,canvas,ğŸ–¼,ğŸ¨
271,canyon,ğŸœ,ğŸ“
272,capable,âœ…,ğŸ’ª
273,capital,ğŸ›,ğŸ’°
274,captain,ğŸ§‘,ğŸš¢
275,car,ğŸš—,ğŸš—
276,carbon,ğŸ§ª,ğŸ§±
277,card,ğŸ’³,ğŸ’³
278,cargo,ğŸšš,ğŸ“¦
279,carpet,ğŸ§¶,ğŸ 
280,carry,ğŸ¤²,ğŸšš
281,cart,ğŸ›’,ğŸ›’
282,case,ğŸ“¦,ğŸ“„
283,cash,ğŸ’µ,ğŸ’µ
284,casino,ğŸ°,ğŸ°
285,castle,ğŸ°,ğŸ°
286,casual,ğŸ™‚,ğŸ‘•
287,cat,ğŸ±,ğŸ±
288,catalog,ğŸ“š,ğŸ·
289,catch,âœ‹,ğŸ£
290,category,ğŸ—‚,ğŸ“
291,cattle,ğŸ„,ğŸ„
292,caught,ğŸ£,âœ‹
293,cause,ğŸ¯,ğŸ“œ
294,caution,âš ,â›”
295,cave,ğŸ•³,ğŸª¨
296,ceiling,ğŸ›‹ï¸,â˜ï¸
297,celery,ğŸ¥¬,ğŸ¥¬
298,cement,ğŸ§±,âš™
299,census,ğŸ“Š,ğŸ 
300,century,ğŸ“…,ğŸ’¯
301,cereal,ğŸ¥£,ğŸŒ¾
302,certain,âœ…,ğŸ“Œ
303,chair,ğŸª‘,ğŸª‘
304,chalk,ğŸ«,âœ
305,champion,ğŸ†,ğŸ‘‘
306,change,ğŸ”„,ğŸ§©
307,chaos,ğŸŒª,ğŸ”€
308,chapter,ğŸ“–,ğŸ“‘
309,charge,âš¡,ğŸ’³
310,chase,ğŸƒ,ğŸ…
311,chat,ğŸ’¬,ğŸ’¬
312,cheap,ğŸ·,â¬‡
313,check,âœ…,ğŸ“‹
314,cheese,ğŸ§€,ğŸ§€
315,chef,ğŸ³,ğŸ‘©
316,cherry,ğŸ’,ğŸ’
317,chest,ğŸ§³,ğŸ§°
318,chicken,ğŸ”,ğŸ”
319,chief,ğŸ‘‘,ğŸ¢
320,child,ğŸ‘¶,ğŸ‘¶
321,chimney,ğŸ ,ğŸ’¨
322,choice,âœ…,ğŸ”€
323,choose,ğŸ‘‰,âœ…
324,chronic,â³,ğŸ©º
325,chuckle,ğŸ˜„,ğŸ˜„
326,chunk,ğŸ“¦,ğŸ§±
327,churn,ğŸ”„,ğŸ“‰
328,cigar,ğŸš¬,ğŸš¬
329,cinnamon,ğŸªµ,ğŸŒ¿
330,circle,ğŸ”µ,ğŸ“
331,citizen,ğŸ§‘,ğŸ›
332,city,ğŸ™,ğŸŒƒ
333,civil,ğŸ›,ğŸ¤
334,claim,ğŸ·ï¸,â˜ï¸
335,clap,ğŸ‘,ğŸ‘
336,clarify,ğŸ”,ğŸ’¬
337,claw,ğŸ¾,ğŸ”ª
338,clay,ğŸ§±,ğŸŒ±
339,clean,ğŸ§¼,âœ¨
340,clerk,ğŸ§‘,ğŸ“‹
341,clever,ğŸ§ ,ğŸ’¡
342,click,ğŸ–±,ğŸ–±
343,client,ğŸ§‘,ğŸ’¼
344,cliff,ğŸ”,â¬‡
345,climb,ğŸ§—,â¬†
346,clinic,ğŸ¥,ğŸ©º
347,clip,ğŸ§·,ğŸ“
348,clock,â°,â°
349,clog,ğŸš«,ğŸ›
350,close,ğŸšª,ğŸ”’
351,cloth,ğŸ§µ,ğŸ§»
352,cloud,â˜,â˜
353,clown,ğŸ¤¡,ğŸ¤¡
354,club,ğŸ‘,ğŸ‰
355,clump,ğŸŒ±,ğŸ“¦
356,cluster,ğŸŒ,ğŸ“¦
357,clutch,âœ‹,ğŸ”’
358,coach,ğŸ§‘,ğŸ¯
359,coast,ğŸ–,ğŸŒŠ
360,coconut,ğŸ¥¥,ğŸ¥¥
361,code,ğŸ’»,ğŸ”
362,coffee,â˜•,â˜•
363,coil,ğŸŒ€,ğŸ§µ
364,coin,ğŸª™,ğŸª™
365,collect,ğŸ“¦,ğŸ“š
366,color,ğŸ¨,ğŸ¨
367,column,ğŸ›,ğŸ“
368,combine,â•,ğŸ§©
369,come,â¡,âš™
370,comfort,ğŸ›‹,ğŸ˜Œ
371,comic,ğŸ—¯,ğŸ“š
372,common,ğŸ‘¥,ğŸ¯
373,company,ğŸ¢,ğŸ‘¥
374,concert,ğŸµ,ğŸ¤
375,conduct,ğŸ§‘,âš–
376,confirm,âœ…,ğŸ’¬
377,congress,ğŸ›,ğŸ›
378,connect,ğŸ”—,ğŸ¤
379,consider,ğŸ¤”,ğŸ“–
380,control,ğŸ›,ğŸ›¡
381,convince,ğŸ—£,ğŸ’¡
382,cook,ğŸ³,ğŸ³
383,cool,ğŸ˜,â„
384,copper,ğŸŸ ,ğŸª™
385,copy,ğŸ“„,ğŸ¯
386,coral,ğŸª¸,ğŸŒŠ
387,core,ğŸ§ ,ğŸ“
388,corn,ğŸŒ½,ğŸŒ½
389,correct,âœ…,âœ…
390,cost,ğŸ’µ,ğŸ’²
391,cotton,ğŸ§¶,ğŸŒ¾
392,couch,ğŸ›‹,ğŸ›‹
393,country,ğŸ—º,ğŸ´
394,couple,ğŸ‘¥,âœŒï¸
395,course,ğŸ›£,ğŸ“š
396,cousin,ğŸ§‘,ğŸ§‘
397,cover,ğŸ›¡,ğŸ“„
398,coyote,ğŸº,ğŸœ
399,crack,ğŸ’¥,âš™
400,cradle,ğŸ§º,ğŸ‘¶
401,craft,ğŸ§°,ğŸ§µ
402,cram,ğŸ§ ,ğŸ“š
403,crane,ğŸ—,ğŸªœ
404,crash,ğŸ’¥,ğŸš—
405,crater,ğŸŒ‹,ğŸ•³
406,crawl,ğŸ›,â¡
407,crazy,ğŸ¤ª,ğŸ¤¯
408,cream,ğŸ¦,ğŸ¦
409,credit,ğŸ’³,ğŸ“ˆ
410,creek,ğŸ,ğŸŒŠ
411,crew,ğŸ‘¥,ğŸš¢
412,cricket,ğŸ¦—,ğŸ
413,crime,ğŸš«,ğŸš¨
414,crisp,â„,ğŸ
415,critic,ğŸ§‘,ğŸ“
416,crop,ğŸŒ¾,âœ‚
417,cross,â•,âœ
418,crouch,ğŸ›‹ï¸,ğŸ›‹ï¸
419,crowd,ğŸŸï¸,ğŸ‘¥
420,crucial,ğŸ“Œ,â—
421,cruel,ğŸ˜¡,ğŸ’”
422,cruise,ğŸš¢,ğŸŒŠ
423,crumble,ğŸ§±,ğŸ’¥
424,crunch,ğŸ˜¬,ğŸª
425,crush,ğŸ’”,ğŸ”¨
426,cry,ğŸ˜¢,ğŸ˜¢
427,crystal,ğŸ”·,ğŸ’
428,cube,ğŸ§Š,ğŸ“
429,culture,ğŸ›,ğŸ­
430,cup,ğŸ¥¤,ğŸ¥¤
431,cupboard,ğŸšª,ğŸ§‚
432,curious,ğŸ¤”,ğŸ”
433,current,ğŸ”Œ,ğŸŒŠ
434,curtain,ğŸ§µ,ğŸšª
435,curve,ğŸ“ˆ,ğŸ”„
436,cushion,ğŸ›‹,ğŸ§¶
437,custom,ğŸ“œ,ğŸ§¾
438,cute,ğŸ˜Š,ğŸ’•
439,cycle,ğŸ”„,âœ
440,dad,ğŸ‘¨,ğŸ‘¨
441,damage,ğŸ’¥,ğŸ”§
442,damp,ğŸ’§,ğŸ§½
443,dance,ğŸ’ƒ,ğŸµ
444,danger,âš ,â˜ 
445,daring,ğŸ’¥,ğŸš€
446,dash,ğŸƒ,ğŸ’¨
447,daughter,ğŸ‘§,ğŸ‘¨
448,dawn,ğŸŒ„,ğŸŒ„
449,day,ğŸ“…,ğŸ“…
450,deal,ğŸ¤,ğŸ“œ
451,debate,ğŸ—£,âš–
452,debris,ğŸ§±,ğŸ—‘
453,decade,ğŸ“…,ğŸ”Ÿ
454,december,ğŸ„,ğŸ„
455,decide,âœ…,ğŸ§ 
456,decline,ğŸ“‰,â¬‡
457,decorate,ğŸ¨,ğŸ 
458,decrease,ğŸ“‰,ğŸ“‰
459,deer,ğŸ¦Œ,ğŸ¦Œ
460,defense,ğŸ›¡,âš”
461,define,ğŸ“–,ğŸ“
462,defy,ğŸš«,âš–
463,degree,ğŸ“,ğŸ“
464,delay,â³,ğŸ¢
465,deliver,ğŸšš,ğŸ“¦
466,demand,âœ‹,ğŸ“œ
467,demise,âš°,ğŸ
468,denial,âŒ,ğŸ“œ
469,dentist,ğŸ§‘,ğŸ¦·
470,deny,âŒ,âœ
471,depart,âœˆ,â¡
472,depend,ğŸ¤,ğŸ“Œ
473,deposit,ğŸ¦,ğŸ’µ
474,depth,ğŸ“,ğŸ’¬
475,deputy,ğŸ‘®,ğŸ›
476,derive,ğŸ“–,â¡
477,describe,âœ,ğŸ–¼
478,desert,ğŸœ,ğŸŒ
479,design,ğŸ“,ğŸ¨
480,desk,ğŸ–¥,ğŸª‘
481,despair,ğŸ˜­,ğŸŒ«
482,destroy,ğŸ’¥,ğŸ§±
483,detail,ğŸ“„,ğŸ”
484,detect,ğŸ”,ğŸ•µ
485,develop,ğŸ“ˆ,ğŸ”§
486,device,ğŸ“±,âš™
487,devote,â¤,ğŸ“…
488,diagram,ğŸ“Š,ğŸ“
489,dial,â˜,ğŸ”„
490,diamond,ğŸ’,ğŸ’
491,diary,ğŸ““,ğŸ–Š
492,dice,ğŸ²,ğŸ²
493,diesel,ğŸ›¢,ğŸš›
494,diet,ğŸ¥—,ğŸ“‰
495,differ,â†”,ğŸ“
496,digital,ğŸ’»,ğŸ“±
497,dignity,ğŸ‘‘,ğŸ“
498,dilemma,â“,â†”
499,dinner,ğŸ±,ğŸ¥—
500,dinosaur,ğŸ¦–,ğŸ¦–
501,direct,â¡,ğŸ“
502,dirt,ğŸª¨,ğŸŒ±
503,disagree,âŒ,ğŸ¤
504,discover,ğŸ”,âœ¨
505,disease,ğŸ¦ ,ğŸ¤’
506,dish,ğŸ½,ğŸ›
507,dismiss,ğŸšª,âŒ
508,disorder,ğŸŒª,ğŸ“‰
509,display,ğŸ–¥,ğŸ–¥
510,distance,ğŸ“,â¡
511,divert,ğŸ”€,â†©
512,divide,â—,ğŸ“Š
513,divorce,âœ‚,ğŸ’
514,dizzy,ğŸŒ€,ğŸ˜µ
515,doctor,ğŸ‘©,ğŸ©º
516,document,ğŸ“„,ğŸ“„
517,dog,ğŸ¶,ğŸ¶
518,doll,ğŸª†,ğŸª†
519,dolphin,ğŸ¬,ğŸ¬
520,domain,ğŸŒ,ğŸ·
521,donate,ğŸ¤²,ğŸ’°
522,donkey,ğŸ«,ğŸ«
523,donor,ğŸ¤²,ğŸ’‰
524,door,ğŸšª,âš™
525,dose,ğŸ’Š,ğŸ’Š
526,double,âœŒ,âœŒ
527,dove,ğŸ•Š,ğŸ•Š
528,draft,ğŸ“„,âœ
529,dragon,ğŸ‰,ğŸ‰
530,drama,ğŸ­,ğŸ­
531,drastic,â—,âš¡
532,draw,âœ,ğŸ–¼
533,dream,ğŸ˜´,ğŸ’­
534,dress,ğŸ‘—,âš™
535,drift,ğŸŒŠ,ğŸ’¨
536,drill,ğŸ› ,ğŸŒ€
537,drink,ğŸ¹,ğŸ¹
538,drip,ğŸ’§,ğŸ’§
539,drive,ğŸš—,ğŸ›£
540,drop,ğŸ’§,â¬‡
541,drum,ğŸ¥,ğŸ¥
542,dry,ğŸŒµ,â˜€ï¸
543,duck,ğŸ¦†,ğŸ¦†
544,dumb,ğŸ¤,ğŸ¤”
545,dune,ğŸœ,â›°
546,during,â³,ğŸ“…
547,dust,ğŸ§¹,ğŸŒ«
548,dutch,ğŸ§€,ğŸ‡³
549,duty,ğŸ“œ,ğŸ›¡
550,dwarf,ğŸ§™,ğŸª“
551,dynamic,ğŸ”„,âš¡
552,eager,ğŸ¤©,ğŸ”¥
553,eagle,ğŸ¦…,ğŸ¦…
554,early,â°,ğŸŒ…
555,earn,ğŸ’°,ğŸ¦
556,earth,ğŸŒ,ğŸŒ
557,easily,ğŸ˜Š,ğŸ‘Œ
558,east,ğŸ§­,â¡
559,easy,ğŸ¬,ğŸ‘¶
560,echo,ğŸ“¢,ğŸ”Š
561,ecology,ğŸŒ±,ğŸŒ
562,economy,ğŸ“ˆ,ğŸ“Š
563,edge,ğŸ“,â›°
564,edit,âœ,ğŸ’»
565,educate,ğŸ“,ğŸ«
566,effort,ğŸ’ª,ğŸ”¥
567,egg,ğŸ¥š,ğŸ¥š
568,eight,ğŸ±,ğŸ•—
569,either,â†”,ğŸ¤·
570,elbow,ğŸ’ª,ğŸ¦´
571,elder,ğŸ‘´,ğŸ“¿
572,electric,âš¡,ğŸ”Œ
573,elegant,ğŸ‘ ,âœ¨
574,element,ğŸ§ª,ğŸŒ¡
575,elephant,ğŸ˜,ğŸ˜
576,elevator,ğŸ›—,ğŸ›—
577,elite,ğŸ‘‘,ğŸŒŸ
578,else,ğŸ”€,ğŸ¤”
579,embark,ğŸš¢,â¡
580,embody,ğŸ§,ğŸ’¡
581,embrace,ğŸ¤—,â¤
582,emerge,ğŸŒ±,â¬†
583,emotion,â¤,ğŸ˜­
584,employ,ğŸ’¼,ğŸ‘¨
585,empower,âšª,ğŸ•³
586,empty,ğŸª¹,ğŸª¹
587,enable,ğŸ‘¥,âš¡
588,enact,ğŸ‘,ğŸ’¬
589,end,ğŸ›‘,ğŸ
590,endless,â™¾,ğŸŒŒ
591,endorse,âœ,ğŸ“œ
592,enemy,âš”,ğŸ˜ 
593,energy,âš¡,ğŸ’ª
594,enforce,ğŸ‘®,âš–
595,engage,ğŸ’,ğŸ—£
596,engine,âš™,ğŸš‚
597,enhance,ğŸ“ˆ,âœ¨
598,enjoy,ğŸ¥—,ğŸ˜‹
599,enlist,ğŸª–,âœ
600,enough,âš–ï¸,ğŸˆµ
601,enrich,ğŸ’,ğŸ“ˆ
602,enroll,ğŸ«,ğŸ“
603,ensure,ğŸ§ ,ğŸ”’
604,enter,ğŸšª,â¡
605,entire,ğŸŒ,ğŸ’¯
606,entry,ğŸšª,ğŸš¶
607,envelope,âœ‰ï¸,âœ‰ï¸
608,episode,ğŸ¬,ğŸ“º
609,equal,ğŸŸ°,ğŸŸ°
610,equip,ğŸ§°,âš™
611,era,ğŸ•°,ğŸ›
612,erase,ğŸ©¹,âœ
613,erode,ğŸŒŠ,ğŸª¨
614,erosion,ğŸŒ§,â›°
615,error,âŒ,ğŸ’»
616,erupt,ğŸŒ‹,ğŸ”¥
617,escape,ğŸƒ,ğŸšª
618,essay,ğŸ“„,ğŸ–Š
619,essence,ğŸŒ¸,ğŸ’¨
620,estate,ğŸ¡,ğŸ“œ
621,eternal,â™¾,ğŸ•Š
622,ethics,âš–,ğŸ“š
623,evidence,ğŸ“œ,ğŸ”
624,evil,ğŸ˜ˆ,ğŸ”¥
625,evoke,ğŸ—£,ğŸ’­
626,evolve,ğŸ’,ğŸ§‘
627,exact,ğŸ¯,ğŸ“
628,example,ğŸ“–,ğŸ‘†
629,excess,â•,ğŸ“ˆ
630,exchange,ğŸ”„,âš™
631,excite,ğŸ¤©,âš¡
632,exclude,ğŸš«,ğŸšª
633,excuse,ğŸ™,ğŸ“
634,execute,ğŸ¤,ğŸ‘”
635,exercise,ğŸ‹ï¸,ğŸƒ
636,exhaust,ğŸ˜©,ğŸ’¨
637,exhibit,ğŸ–¼,ğŸª˜
638,exile,ğŸš·,ğŸŒ
639,exist,ğŸŒ,ğŸ™‹ğŸ»
640,exit,ğŸšª,â¬…
641,exotic,ğŸŒ´,ğŸ¦œ
642,expand,â¬†,ğŸ“ˆ
643,expect,ğŸ‘€,â³
644,expire,â°,ğŸ’€
645,explain,ğŸ—£,ğŸ“–
646,expose,ğŸ“¸,ğŸ˜®
647,express,ğŸš‚,ğŸ’¬
648,extend,ğŸ“,ğŸ¯
649,extra,â•,ğŸŒŸ
650,eye,ğŸ‘,ğŸ‘
651,eyebrow,ğŸ‘,ã€°
652,fabric,ğŸ§µ,ğŸª¡
653,face,ğŸ™‚,ğŸ™‚
654,faculty,ğŸ§ ,ğŸ›ï¸
655,fade,ğŸŒ«,â¬‡
656,faint,ğŸ˜µ,ğŸ’«
657,faith,âœ,ğŸ™
658,fall,ğŸ‚,â¬‡
659,false,âŒ,ğŸ¤¥
660,fame,ğŸŒŸ,ğŸ“£
661,family,ğŸ ,ğŸ‘¬
662,famous,ğŸŒŸ,ğŸ“¸
663,fan,ğŸŒ€,ğŸª­
664,fancy,ğŸ‘‘,ğŸ€
665,fantasy,ğŸ§š,ğŸ‰
666,farm,ğŸšœ,ğŸŒ¾
667,fashion,ğŸ‘—,ğŸ‘–
668,fat,ğŸ¥“,ğŸ”
669,fatal,â˜ ,âš°
670,father,ğŸ‘¨,ğŸ‘”
671,fatigue,ğŸ˜´,ğŸ˜©
672,fault,âš¡,â›°
673,favorite,â­,â¤
674,feature,ğŸ”,ğŸ“±
675,february,â„,ğŸ’˜
676,federal,ğŸ›,ğŸ¦…
677,fee,ğŸ’µ,ğŸ§¾
678,feed,ğŸ½,ğŸ„
679,feel,ğŸ¤²,ğŸ’“
680,female,ğŸšº,ğŸ‘©
681,fence,ğŸš§,ğŸŒ³
682,festival,ğŸ‰,ğŸ¥
683,fetch,ğŸ•,ğŸ¾
684,fever,ğŸ¤’,ğŸŒ¡
685,few,ğŸ‘,ğŸ”¢
686,fiber,ğŸ§¶,ğŸ¥—
687,fiction,ğŸ“š,ğŸ›¸
688,field,ğŸŒ¾,âš½
689,figure,ğŸ‘¤,ğŸ“
690,file,ğŸ“‚,ğŸ–¥
691,film,ğŸ¥,ğŸ
692,filter,ğŸ§ƒ,ğŸª£
693,final,ğŸ,âœ…
694,find,ğŸ”,ğŸ‘†
695,fine,ğŸ’°,âš–
696,finger,ğŸ‘‰,ğŸ–
697,finish,ğŸ,ğŸ‰
698,fire,ğŸ”¥,ğŸ”¥
699,firm,ğŸ¢,ğŸ’¼
700,first,ğŸ¥‡,ğŸ†
701,fiscal,ğŸ’°,ğŸ“Š
702,fish,ğŸŸ,ğŸŸ
703,fit,ğŸ§©,ğŸ’ª
704,fitness,ğŸ‹,ğŸ’¦
705,fix,ğŸ› ,ğŸ”§
706,flag,ğŸš©,ğŸš©
707,flame,ğŸ”¥,ğŸ’¨
708,flash,âš¡,ğŸ“¸
709,flat,â–,ğŸ 
710,flavor,ğŸ¦,ğŸ“
711,flee,ğŸƒ,ğŸš¨
712,flight,ğŸ›«,ğŸ›¬
713,flip,ğŸ”„,ğŸ“–
714,float,ğŸ›Ÿ,ğŸŒŠ
715,flock,ğŸ‘,ğŸ‘¥
716,floor,ğŸªµ,ğŸ 
717,flower,ğŸŒ¸,ğŸŒ¼
718,fluid,ğŸ’§,ğŸ§ª
719,flush,ğŸš½,ğŸ’¦
720,fly,ğŸª°,âœˆ
721,foam,ğŸ§´,ğŸ«§
722,focus,ğŸ¯,ğŸ”
723,fog,ğŸŒ«,ğŸŒ
724,foil,ğŸ§»,âœ¨
725,fold,ğŸ“„,â–
726,follow,ğŸ‘£,â†ª
727,food,ğŸ²,ğŸ
728,foot,ğŸ¦¶,ğŸ‘£
729,force,ğŸ’ª,âš”
730,forest,ğŸŒ¦,ğŸ“Š
731,forget,ğŸ§ ,âŒ
732,fork,ğŸ´,ğŸ´
733,fortune,ğŸ€,ğŸ’°
734,forum,ğŸ›,ğŸ—£
735,forward,â¡,ğŸ“ˆ
736,fossil,ğŸ¦´,ğŸª¨
737,foster,ğŸ¤²,ğŸ‘¶
738,found,ğŸ§­,ğŸ“
739,fox,ğŸ¦Š,ğŸ¦Š
740,fragile,ğŸ¥‚,âš 
741,frame,ğŸ–¼,ğŸ“
742,frequent,ğŸ”„,ğŸ“…
743,fresh,ğŸ¥—,ğŸŒ±
744,friend,ğŸ¤,ğŸ˜Š
745,fringe,ğŸ­,âœ¨
746,frog,ğŸ¸,ğŸ¸
747,front,â¬†,ğŸ 
748,frost,â„,â˜ƒï¸
749,frown,ğŸ™,ğŸ‘
750,frozen,ğŸ§Š,â„
751,fruit,ğŸ,ğŸŒ
752,fuel,â›½,ğŸ›¢
753,fun,ğŸ‰,ğŸ˜‚
754,funny,ğŸ¤£,ğŸ­
755,furnace,ğŸ”¥,ğŸ­
756,fury,ğŸ˜¡,ğŸ”¥
757,future,ğŸ”®,ğŸ“…
758,gadget,ğŸ“±,ğŸ§
759,gain,ğŸ“ˆ,ğŸ’°
760,galaxy,ğŸŒŒ,âœ¨
761,gallery,ğŸ–¼,ğŸ›
762,game,ğŸ®,ğŸ²
763,gap,ğŸŒ‰,ğŸ•³ï¸M
764,garage,ğŸ ,ğŸš™
765,garbage,ğŸ—‘,ğŸš®
766,garden,ğŸ…,ğŸŒ¸
767,garlic,ğŸ§„,ğŸ§„
768,garment,ğŸ‘•,ğŸ‘—
769,gas,â›½,ğŸ’¨
770,gasp,ğŸ˜®,ğŸ’¨
771,gate,ğŸšª,ğŸšª
772,gather,ğŸ‘¥,ğŸ“¦
773,gauge,ğŸ“,âš¡
774,gaze,ğŸ‘€,â¡
775,general,ğŸ–ï¸,ğŸª–
776,genius,ğŸ§ ,ğŸ’¡
777,genre,ğŸ¶,ğŸ“š
778,gentle,ğŸ¤²,ğŸ•Š
779,genuine,ğŸ’,ğŸ’
780,gesture,ğŸ¤Œ,ğŸ¤
781,ghost,ğŸ‘»,ğŸ‘»
782,giant,ğŸ—¿,ğŸ“
783,gift,ğŸ,ğŸ
784,giggle,ğŸ¤­,ğŸ¤­
785,ginger,ğŸ«š,ğŸ«š
786,giraffe,ğŸ¦’,ğŸ¦’
787,girl,ğŸ‘§,ğŸ‘§
788,give,ğŸ¤²,ğŸ
789,glad,ğŸ˜€,ğŸ‘
790,glance,ğŸ‘€,â±
791,glare,ğŸ‘€,âš¡
792,glass,ğŸ«™,ğŸ·
793,glide,ğŸª‚,ğŸª‚
794,glimpse,ğŸ‘€,ğŸ”¦
795,globe,ğŸŒ,ğŸŒ
796,gloom,ğŸŒ«,ğŸ˜
797,glory,ğŸ†,âœ¨
798,glove,ğŸ§¤,ğŸ§¤
799,glow,âœ¨,ğŸŒŸ
800,glue,ğŸ§´,ğŸ©¹
801,goat,ğŸ,ğŸ
802,goddess,ğŸ‘‘,ğŸ‘¸
803,gold,ğŸ¥‡,ğŸ’°
804,good,ğŸŒ¬ï¸,ğŸ’–
805,goose,ğŸª¿,ğŸª¿
806,gorilla,ğŸ¦,ğŸ¦
807,gospel,ğŸ“–,âœ
808,gossip,ğŸ—£,ğŸ‘‚
809,govern,ğŸ›,âš–
810,gown,ğŸ‘—,ğŸ“
811,grab,âœ‹,ğŸ¤
812,grace,ğŸ™,ğŸ•Š
813,grain,ğŸŒ¾,ğŸŒ¾
814,grant,âœ…,ğŸ“œ
815,grape,ğŸ‡,ğŸ‡
816,grass,ğŸŒ±,ğŸŒ±
817,gravity,ğŸŒ,â¬‡
818,great,ğŸŒŸ,ğŸ†
819,green,ğŸŸ¢,ğŸŒ±
820,grid,ğŸ”²,ğŸ“
821,grief,ğŸ˜¢,ğŸ’”
822,grit,ğŸª¨,ğŸ’ª
823,grocery,ğŸ›’,ğŸ¥¦
824,group,ğŸ‘¥,ğŸ˜ï¸
825,grow,ğŸŒ±,ğŸ“ˆ
826,grunt,ğŸ—,ğŸ’¢
827,guard,ğŸ›¡,ğŸš·
828,guess,â“,ğŸ¤”
829,guide,ğŸ§­,ğŸ“–
830,guilt,ğŸ˜”,âš–
831,guitar,ğŸ¸,ğŸ¸
832,gun,ğŸ”«,ğŸ”«
833,gym,ğŸ‹,ğŸ‹
834,habit,ğŸ”,ğŸ“†
835,hair,âœ‚,ğŸ§´
836,half,ğŸŒ“,â—
837,hammer,ğŸ”¨,ğŸ”©
838,hamster,ğŸ¹,ğŸ¹
839,hand,âœ‹,âœ‹
840,happy,ğŸ˜„,âœ¨
841,harbor,âš“,ğŸš¢
842,hard,ğŸª¨,ğŸ’ª
843,harsh,ğŸŒµ,âš 
844,harvest,ğŸŒ¾,ğŸ§º
845,hat,ğŸ©,ğŸ©
846,have,ğŸ¤²,ğŸ“¦
847,hawk,ğŸ¦…,ğŸ‘
848,hazard,â˜£,âš 
849,head,ğŸ§‘,ğŸ§ 
850,health,â¤,ğŸ©º
851,heart,â¤,â¤
852,heavy,ğŸ‹,ğŸ“¦
853,hedgehog,ğŸ¦”,ğŸ¦”
854,height,ğŸ“,ğŸ”
855,hello,ğŸ‘‹,ğŸ™‚
856,helmet,â›‘,ğŸ›¡
857,help,ğŸ†˜,âœ‹
858,hen,ğŸ”,ğŸ¥š
859,hero,ğŸ›¡,â­
860,hidden,ğŸ™ˆ,ğŸ”’
861,high,â›°,â¬†
862,hill,â›°,â†—
863,hint,ğŸ’¡,ğŸ‘‰
864,hip,ğŸ¦´,ğŸ‘–
865,hire,ğŸ‘”,ğŸ“„
866,history,ğŸ“œ,âŒ›
867,hobby,ğŸ¨,ğŸ¯
868,hockey,ğŸ’,ğŸ¥…
869,hold,âœ‹,ğŸ“¦
870,hole,ğŸ•³,â¬‡
871,holiday,ğŸ‰,ğŸ–
872,hollow,ğŸ•³,âšª
873,home,ğŸ ,ğŸ 
874,honey,ğŸ¯,ğŸ
875,hood,ğŸ§¥,ğŸ§£
876,hope,ğŸ™,ğŸŒˆ
877,horn,ğŸ“¯,ğŸº
878,horror,ğŸ˜±,ğŸ©¸
879,horse,ğŸ´,ğŸ´
880,hospital,ğŸ¥,â•
881,host,ğŸ¤,ğŸ 
882,hotel,ğŸ¨,ğŸ›
883,hour,â°,ğŸ•’
884,hover,ğŸš,â¸
885,hub,ğŸ›,ğŸ”—
886,huge,ğŸ—»,ğŸ“
887,human,ğŸ§‘,ğŸŒ
888,humble,ğŸ™‡,ğŸ•Š
889,humor,ğŸ˜‚,ğŸ­
890,hundred,ğŸ’¯,ğŸ’¯
891,hungry,ğŸ˜‹,ğŸ½
892,hunt,ğŸ¹,ğŸ¾
893,hurdle,ğŸš§,ğŸƒ
894,hurry,â³,â±ï¸
895,hurt,ğŸ¤•,ğŸ’¢
896,husband,ğŸ‘¨,ğŸ’
897,hybrid,ğŸ§¬,ğŸ”€
898,ice,â„,â„
899,icon,ğŸ–¼,â­
900,idea,ğŸ¤”,ğŸ’¡
901,identify,ğŸ†”,ğŸ”
902,idle,ğŸ›‘,ğŸ˜´
903,ignore,ğŸ™ˆ,ğŸ™‰
904,ill,ğŸ¤’,ğŸ¤¢
905,illegal,ğŸš«,âš™
906,illness,ğŸ¤§,ğŸ¥
907,image,ğŸ–¼,ğŸ“·
908,imitate,ğŸª,ğŸ™ƒ
909,immense,ğŸŒŒ,ğŸ“
910,immune,ğŸ›¡,ğŸ§¬
911,impact,ğŸ’¥,ğŸŒ
912,impose,ğŸ“œ,ğŸ“¢
913,improve,ğŸ“ˆ,ğŸ’ª
914,impulse,âš¡,â¤
915,inch,ğŸ“,ğŸ“
916,include,â•,ğŸ“¦
917,income,ğŸ’µ,ğŸ“¥
918,increase,ğŸ“ˆ,â¬†
919,index,ğŸ“–,â˜
920,indicate,ğŸ‘‰,ğŸ“
921,indoor,ğŸ ,âœ
922,industry,ğŸ­,âš™
923,infant,ğŸ‘¶,ğŸ¼
924,inflict,ğŸ”ª,ğŸ’¢
925,inform,ğŸ“¢,ğŸ’¬
926,inhale,ğŸ˜®,ğŸ’¨
927,inherit,ğŸ§¬,ğŸ“œ
928,initial,ğŸ”¤,â¡
929,inject,ğŸ’‰,â¡
930,injury,ğŸ¤•,ğŸ©¹
931,inmate,ğŸš”,ğŸ”’
932,inner,ğŸ”˜,ğŸ§ 
933,innocent,ğŸ˜‡,ğŸ‘¼
934,input,âŒ¨,ğŸ“¥
935,inquiry,â“,ğŸ“„
936,insane,ğŸ¤ª,ğŸ¥
937,insect,ğŸœ,ğŸœ
938,inside,ğŸ ,â¡
939,inspire,âœ¨,ğŸ’¡
940,install,ğŸ“¦,â¬‡
941,intact,ğŸ§©,âš™
942,interest,ğŸ’°,ğŸ“ˆ
943,into,ğŸ‘‰,â¡
944,invest,â›½ï¸,ğŸ’°
945,invite,âœ‰,ğŸ‰
946,involve,ğŸ”„,ğŸ¤
947,iron,ğŸ§²,âš™
948,island,ğŸ,ğŸŒŠ
949,isolate,ğŸ§,ğŸš«
950,issue,ğŸ§¾,âš 
951,item,ğŸ“¦,ğŸ”–
952,ivory,ğŸ˜,ğŸ¦·
953,jacket,ğŸ§¥,ğŸ§¥
954,jaguar,ğŸ†,ğŸŒ´
955,jar,ğŸ«™,ğŸ«™
956,jazz,ğŸ·,ğŸ¶
957,jealous,ğŸ˜’,ğŸ’”
958,jeans,ğŸ‘–,ğŸ‘–
959,jelly,ğŸ®,ğŸ‡
960,jewel,ğŸ’,ğŸ’
961,job,ğŸ’¼,ğŸ’¼
962,join,ğŸ¤,â•
963,joke,ğŸ¤,ğŸ˜‚
964,journey,ğŸš¶,ğŸ—º
965,joy,ğŸ˜€,ğŸ‰
966,judge,ğŸ‘¨,âš–
967,juice,ğŸ¥¤,ğŸŠ
968,jump,ğŸ¤¸,â¬†
969,jungle,ğŸŒ´,ğŸ¦
970,junior,ğŸ‘¶,ğŸ“
971,junk,ğŸ—‘,ğŸª™
972,just,âš–,âš™
973,kangaroo,ğŸ¦˜,ğŸ¦˜
974,keen,ğŸ‘€,ğŸ”¥
975,keep,ğŸ¤²,ğŸ”’
976,ketchup,ğŸ…,ğŸ¥«
977,key,ğŸ”‘,ğŸ”‘
978,kick,ğŸ¦µ,âš½
979,kid,ğŸ‘¦,ğŸ‘¦
980,kidney,ğŸ©º,ğŸ«˜
981,kind,ğŸ¤,ğŸ’–
982,kingdom,ğŸ°,ğŸ‘‘
983,kiss,ğŸ’‹,â¤
984,kit,ğŸ§°,ğŸ“¦
985,kitchen,ğŸ³,ğŸ 
986,kite,ğŸª,ğŸŒ¬
987,kitten,ğŸ±,ğŸ¾
988,kiwi,ğŸ¥,ğŸ¥
989,knee,ğŸ¦µ,ğŸ¦´
990,knife,ğŸ”ª,ğŸ”ª
991,knock,ğŸ‘Š,ğŸšª
992,know,ğŸ§ ,ğŸ’­
993,lab,ğŸ§ª,ğŸ”¬
994,label,ğŸ·,ğŸ·ï¸
995,labor,ğŸ‘·,âš’
996,ladder,ğŸªœ,ğŸªœ
997,lady,ğŸ‘©,ğŸ‘’
998,lake,ğŸŒŠ,ğŸ
999,lamp,ğŸ›‹,ğŸ’¡
1000,language,ğŸ—£,ğŸ“š
1001,laptop,ğŸ’»,âŒ¨
1002,large,ğŸ“,â¬†
1003,later,â³,âš™
1004,latin,ğŸ“œ,ğŸ”¤
1005,laugh,ğŸ˜‚,ğŸ¤£
1006,laundry,ğŸ‘•,ğŸ§º
1007,lava,ğŸŒ‹,ğŸ«—
1008,law,ğŸ“œ,âš–
1009,lawn,ğŸŒ±,âœ‚
1010,lawsuit,âš–,ğŸ§¾
1011,layer,ğŸ“š,â–
1012,lazy,ğŸ˜´,ğŸ›‹
1013,leader,ğŸ¯,ğŸ¥‡
1014,leaf,ğŸƒ,ğŸƒ
1015,learn,ğŸ“š,ğŸ’»
1016,leave,ğŸšª,ğŸ‘‹
1017,lecture,ğŸ“,ğŸ“–
1018,left,â¬…,âœ‹
1019,leg,ğŸ¦µ,ğŸ¦µ
1020,legal,âš–,ğŸ“–
1021,legend,ğŸ†,ğŸ“œ
1022,leisure,ğŸ–,ğŸ¹
1023,lemon,ğŸ‹,ğŸ‹
1024,lend,ğŸ’µ,âš™
1025,length,ğŸ“,â†”
1026,lens,ğŸ”,ğŸ“¸
1027,leopard,ğŸ†,ğŸ†
1028,lesson,ğŸ“,ğŸ“š
1029,letter,âœ‰,âœ‰
1030,level,ğŸ“Š,ğŸ“
1031,liar,ğŸ¤¥,ğŸ™Š
1032,liberty,ğŸ—½,ğŸ•Š
1033,library,ğŸ“š,ğŸ›
1034,license,ğŸªª,ğŸªª
1035,life,ğŸŒ±,â¤
1036,lift,ğŸ›—,â¬†
1037,light,ğŸ’¡,âœ¨
1038,like,ğŸ‘,â¤
1039,limb,ğŸ¦´,ğŸ¦µ
1040,limit,ğŸš«,ğŸ“
1041,link,ğŸ”—,ğŸ”—
1042,lion,ğŸ¦,ğŸ¦
1043,liquid,ğŸ’§,âš™
1044,list,ğŸ“‹,ğŸ“‹
1045,little,ğŸ‘¶,ğŸ“
1046,live,ğŸ¤,ğŸŸ
1047,lizard,ğŸ¦,ğŸ¦
1048,load,ğŸ“¦,â¬†
1049,loan,ğŸ’µ,ğŸ¦
1050,lobster,ğŸ¦,ğŸ¦
1051,local,ğŸ˜,ğŸ“
1052,lock,ğŸ”’,ğŸ”’
1053,logic,ğŸ“,âš™
1054,lonely,ğŸ˜”,ğŸš¶
1055,long,ğŸ“,âœ
1056,loop,ğŸ‘€,ğŸ‘†
1057,lottery,ğŸŸ,ğŸ’°
1058,loud,ğŸ”Š,ğŸ“¢
1059,lounge,ğŸ›‹,â˜•
1060,love,â¤,ğŸ’
1061,loyal,ğŸª¢,âœ‚
1062,lucky,ğŸ˜€,ğŸ²
1063,luggage,âŒ,ğŸ†
1064,lumber,ğŸ“‰,ğŸ’”
1065,lunar,ğŸŒ™,ğŸ›°
1066,lunch,ğŸ½,ğŸ•›
1067,luxury,ğŸ‘‘,ğŸ’
1068,lyrics,ğŸµ,ğŸ“
1069,machine,âš™,ğŸ¤–
1070,mad,ğŸ˜¡,ğŸ¤¯
1071,magic,âœ¨,ğŸ©
1072,magnet,ğŸ§²,ğŸ§²
1073,maid,ğŸ§º,ğŸ§¹
1074,mail,ğŸ“¬,âœ‰
1075,main,ğŸ“Œ,ğŸ 
1076,major,ğŸ–,ğŸ›
1077,make,ğŸ› ,ğŸ¨
1078,mammal,ğŸš¹,ğŸ‘¨
1079,man,ğŸ¬,ğŸ›
1080,manage,ğŸ§‘,ğŸ“Š
1081,mandate,ğŸ‘”,ğŸ“…
1082,mango,ğŸ¥­,ğŸ¥­
1083,mansion,ğŸ°,ğŸ 
1084,manual,ğŸ“–,ğŸ› 
1085,maple,ğŸ,ğŸŒ³
1086,marble,ğŸ›,âšª
1087,march,ğŸš¶,ğŸ“…
1088,margin,ğŸ“‰,ğŸ“
1089,marine,âš“,ğŸ¬
1090,market,ğŸ›’,ğŸ“ˆ
1091,marriage,ğŸ’,â¤
1092,mask,ğŸ­,ğŸ˜·
1093,mass,ğŸŒ,âš–
1094,master,ğŸ‘‘,ğŸ“š
1095,match,ğŸ¾,ğŸ”¥
1096,material,ğŸ§µ,ğŸª¡
1097,math,â•,â—
1098,matrix,ğŸ”¢,ğŸ•¸
1099,matter,ğŸŒŒ,âš›
1100,maximum,ğŸ“ˆ,ğŸš€
1101,maze,ğŸŒ€,ğŸ—º
1102,meadow,ğŸŒ¾,ğŸŒ¼
1103,mean,â–,ğŸ˜ 
1104,measure,ğŸ“,âš–
1105,meat,ğŸ–,ğŸ¥©
1106,mechanic,ğŸš—,ğŸ”§
1107,medal,ğŸ¥‡,ğŸ…
1108,media,ğŸ“º,ğŸ™
1109,melody,ğŸ¼,ğŸ¶
1110,melt,ğŸ§Š,ğŸ”¥
1111,member,ğŸ‘¤,ğŸ‘¥
1112,memory,ğŸ§ ,ğŸ’¾
1113,mention,ğŸ’¬,ğŸ“¢
1114,menu,ğŸ“‹,ğŸ´
1115,mercy,ğŸ™,âš™
1116,merge,ğŸ”€,ğŸ¤
1117,merit,ğŸ†,âš™
1118,merry,ğŸ„,ğŸ˜€
1119,mesh,ğŸ•¸,ğŸ§µ
1120,message,ğŸ’¬,ğŸ“¨
1121,metal,âš™,â›“
1122,method,ğŸ“š,ğŸ“
1123,middle,â—,ğŸ“
1124,midnight,ğŸŒ™,ğŸ•›
1125,milk,ğŸ¥›,ğŸ¥›
1126,million,ğŸª™,ğŸ”¢
1127,mimic,ğŸª,ğŸ™‚
1128,mind,ğŸ§ ,âœ¨
1129,minimum,ğŸ“‰,ğŸ¤
1130,minor,ğŸ‘¶,âš 
1131,minute,â±,ğŸ•’
1132,miracle,âœ¨,ğŸ™
1133,mirror,ğŸª,ğŸª
1134,misery,ğŸ˜¢,â›ˆï¸
1135,miss,ğŸ¯,ğŸ‘©
1136,mistake,ğŸ“œ,âŒ
1137,mix,ğŸ”€,ğŸ¥£
1138,mixed,âš–,ğŸ”„
1139,mixture,ğŸ§ª,ğŸ¥›
1140,mobile,ğŸ“±,ğŸ“±
1141,model,ğŸ§,ğŸ†
1142,modify,âœ,ğŸ› 
1143,mom,ğŸ‘©,â¤
1144,moment,â³,ğŸ“¸
1145,monitor,ğŸ–¥,ğŸ‘€
1146,monkey,ğŸ’,ğŸ’
1147,monster,ğŸ‘¾,ğŸ‘¾
1148,month,ğŸ“…,ğŸ—“
1149,moon,ğŸŒ™,ğŸŒ™
1150,moral,ğŸ™,ğŸ’¡
1151,more,ğŸ™‡,ğŸ“ˆ
1152,morning,ğŸŒ…,â˜•
1153,mosquito,ğŸ¦Ÿ,ğŸ¦Ÿ
1154,mother,ğŸ‘©,ğŸ¤°
1155,motion,ğŸ’¸,ğŸ“ˆ
1156,motor,âš™,ğŸš—
1157,mountain,ğŸ”,ğŸ”
1158,mouse,ğŸ­,ğŸ–±
1159,move,ğŸš¶,â¡
1160,movie,ğŸ¬,ğŸ¥
1161,much,ğŸ“ˆ,ğŸ“¦
1162,muffin,ğŸ§,ğŸ¥®
1163,mule,ğŸ«,ğŸ«
1164,multiply,ğŸ”¢,âœ–
1165,muscle,ğŸ’ª,ğŸ¦µ
1166,museum,ğŸ›,ğŸ–¼
1167,mushroom,ğŸ„,ğŸ„
1168,music,ğŸµ,ğŸ¼
1169,must,ğŸ™†â€â™€ï¸,ğŸ˜·
1170,mutual,ğŸ¤,â†”
1171,myself,ğŸ™‹ğŸ»,ğŸ™‹ğŸ»
1172,mystery,ğŸ•µ,â“
1173,myth,ğŸ§™,ğŸ‰
1174,naive,ğŸ™‚,ğŸ¼
1175,name,ğŸ·,ğŸ§¾
1176,napkin,ğŸ¤§,ğŸ¤§
1177,narrow,ğŸ“,ğŸ”½
1178,nasty,ğŸ¤®,ğŸ¤®
1179,nation,ğŸ—º,ğŸ›
1180,nature,ğŸŒ¿,ğŸŒ
1181,near,ğŸ“,âœ
1182,neck,ğŸ¦´,ğŸ‘•
1183,need,âš ,ğŸ“Œ
1184,negative,â–,âŒ
1185,neglect,ğŸš«,ğŸ‘¶
1186,neither,â†”,ğŸ™…
1187,nephew,ğŸ‘¦,ğŸ‘¨
1188,nerve,ğŸ§ ,âš¡
1189,nest,ğŸªº,ğŸ£
1190,net,ğŸ£,ğŸ•¸
1191,network,ğŸŒ,ğŸ”—
1192,neutral,âš–,âšª
1193,never,ğŸš«,â™¾
1194,news,ğŸ“°,ğŸ“º
1195,next,â­,â¡
1196,nice,ğŸ˜Š,ğŸŒ¸
1197,night,ğŸŒ™,ğŸŒŒ
1198,noble,ğŸ‘‘,âšœ
1199,noise,ğŸ”Š,ğŸ™‰
1200,nominee,ğŸ…,ğŸ§‘
1201,noodle,ğŸœ,ğŸœ
1202,normal,ğŸ“,ğŸ™‚
1203,north,ğŸ§­,â¬†
1204,nose,ğŸ‘ƒ,ğŸ‘ƒ
1205,notable,ğŸŒŸ,ğŸ“–
1206,note,ğŸ“,ğŸ¶
1207,nothing,ğŸš«,âšª
1208,notice,ğŸ‘€,ğŸ“œ
1209,novel,ğŸ“š,âœ
1210,now,ğŸ‘‰,â°
1211,nuclear,â˜¢,ğŸŒ‹
1212,number,ğŸ”¢,ğŸ”¢
1213,nurse,ğŸ‘©,ğŸ©»
1214,nut,ğŸŒ°,ğŸ¥œ
1215,oak,ğŸŒ³,ğŸªµ
1216,obey,ğŸ™‡,âœ…
1217,object,ğŸ¯,ğŸ“¦
1218,oblige,ğŸ¤,âš™
1219,obscure,ğŸŒ«,ğŸ™ˆ
1220,observe,ğŸ‘€,ğŸ”­
1221,obtain,ğŸ“¦,ğŸ¯
1222,obvious,ğŸ‘,âœ…
1223,occur,ğŸ•’,âš¡
1224,ocean,ğŸŒŠ,ğŸ 
1225,october,ğŸƒ,ğŸ
1226,odor,ğŸ’¨,ğŸ˜·
1227,off,â›”,ğŸ”Œ
1228,offer,ğŸ,ğŸ¤²
1229,office,ğŸ¢,ğŸ–‡
1230,often,ğŸ”„,ğŸ“†
1231,oil,ğŸ›¢,ğŸ’§
1232,okay,ğŸ‘,âœ…
1233,old,ğŸ‘´,ğŸ“œ
1234,olive,ğŸ«’,ğŸ«’
1235,olympic,ğŸ…,ğŸŸ
1236,omit,ğŸš«,ğŸ“
1237,once,ğŸ”‚,â³
1238,one,1ï¸âƒ£,1ï¸âƒ£
1239,onion,ğŸ§…,ğŸ§…
1240,online,ğŸŒ,ğŸ“±
1241,only,ğŸš«,ğŸ‘¥
1242,open,ğŸ”“,ğŸšª
1243,opera,ğŸ­,ğŸ¶
1244,opinion,ğŸ’¬,ğŸ§ 
1245,oppose,âœŠ,ğŸš«
1246,option,âœ…,â“
1247,orange,ğŸŠ,ğŸŸ 
1248,orbit,ğŸŒ,ğŸ›°
1249,orchard,ğŸŒ³,ğŸ
1250,order,ğŸ“œ,ğŸ“¦
1251,ordinary,ğŸ™‚,ğŸ“
1252,organ,ğŸ¹,ğŸ«
1253,orient,ğŸŒ€,ğŸ“
1254,original,ğŸŒŸ,ğŸ§¬
1255,orphan,ğŸ‘¶,ğŸš«
1256,ostrich,ğŸ¦,ğŸœ
1257,other,ğŸ”„,ğŸ‘¤
1258,outdoor,ğŸŒ³,ğŸ
1259,outer,ğŸŒŒ,ğŸš€
1260,output,â¬†,ğŸ’»
1261,outside,ğŸšª,ğŸŒ³
1262,oval,ğŸ,ğŸŸ¢
1263,oven,ğŸ,ğŸ”¥
1264,over,â¬†,ğŸ”
1265,own,ğŸ ,âš™
1266,owner,ğŸ‘¤,ğŸ 
1267,oxygen,ğŸ«,ğŸ’¨
1268,oyster,ğŸ¦ª,ğŸ’
1269,ozone,ğŸŒ,ğŸ’¨
1270,pact,ğŸ¤,ğŸ¤
1271,paddle,ğŸ›¶,ğŸ¥¢
1272,page,ğŸ“„,âš™
1273,pair,ğŸ‘¥,âš™
1274,palace,ğŸ¯,ğŸ¯
1275,palm,ğŸŒ´,âœ‹
1276,panda,ğŸ¼,ğŸ¼
1277,panel,ğŸ–¥,ğŸ“Š
1278,panic,ğŸ˜±,ğŸ”¥
1279,panther,ğŸ†,âš«ï¸
1280,paper,ğŸ“„,ğŸ“°
1281,parade,ğŸ¥,ğŸ‰
1282,parent,ğŸ§‘â€ğŸ¼,ğŸ‘¶
1283,park,ğŸŒ³,ğŸ 
1284,parrot,ğŸ¦œ,ğŸ¦œ
1285,party,ğŸ‰,ğŸ¾
1286,pass,ğŸ«,âœ…
1287,patch,ğŸ©¹,ğŸ§µ
1288,path,ğŸ›£,â¡
1289,patient,ğŸ¥,ğŸ§‘
1290,patrol,ğŸš“,ğŸ‘®
1291,pattern,ğŸª¡,ğŸ§µ
1292,pause,â¸,âœ‹
1293,pave,ğŸ›£,ğŸ§±
1294,payment,ğŸ’µ,ğŸ¤²
1295,peace,â˜®,ğŸ•Š
1296,peanut,ğŸ¥œ,ğŸ¥œ
1297,pear,ğŸ,ğŸ
1298,peasant,ğŸ‘¨,ğŸŒ¾
1299,pelican,ğŸ¦©,ğŸŸ
1300,pen,ğŸ–Š,ğŸ–Š
1301,penalty,ğŸš«,âš½
1302,pencil,âœ,âœ
1303,people,ğŸ‘¥,âœ
1304,pepper,ğŸŒ¶,ğŸ«‘
1305,perfect,âœ…,ğŸŒŸ
1306,permit,ğŸªª,ğŸ“œ
1307,person,ğŸ‘´,ğŸ‘¥
1308,pet,ğŸ•,ğŸ¾
1309,phone,ğŸ“±,ğŸ“
1310,photo,ğŸ“¸,ğŸ“¸
1311,phrase,ğŸ’¬,ğŸ“–
1312,physical,ğŸ‹,ğŸ«€
1313,piano,ğŸ¹,ğŸ¹
1314,picnic,ğŸ§º,ğŸ‡
1315,picture,ğŸ–¼,ğŸ–¼
1316,piece,ğŸ§©,ğŸ§©
1317,pig,ğŸ–,ğŸ–
1318,pigeon,ğŸ“š,ğŸ—‘
1319,pill,ğŸ’Š,ğŸ’Š
1320,pilot,ğŸ‘¨,âœˆ
1321,pink,ğŸ©·,ğŸŒ¸
1322,pioneer,ğŸ§­,ğŸš¶
1323,pipe,ğŸªˆ,ğŸ’¨
1324,pistol,ğŸ”«,ğŸ’¥
1325,pitch,ğŸ¤,ğŸ¶
1326,pizza,ğŸ•,ğŸ•
1327,place,ğŸ“,ğŸ 
1328,planet,ğŸŒ,ğŸŒ
1329,plastic,ğŸ§´,â™»
1330,plate,ğŸ½,ğŸ½
1331,play,â–¶ï¸,â–¶ï¸
1332,please,ğŸ‘€,ğŸ§ 
1333,pledge,ğŸ’¯,ğŸ“Š
1334,pluck,ğŸ¸,âœ‚
1335,plug,ğŸ”³,ğŸ”Œ
1336,plunge,â“,ğŸ¤·
1337,poem,â°,ğŸ“
1338,poet,ğŸ§‘,ğŸ“œ
1339,point,ğŸ‘‰,ğŸ‘ˆ
1340,polar,ğŸ¥¶,ğŸ»
1341,pole,ğŸªœ,ğŸ§Š
1342,police,ğŸš“,ğŸš“
1343,pond,ğŸ’¦,ğŸŒŠ
1344,pony,ğŸ´,ğŸ´
1345,pool,ğŸŠ,ğŸ’¦
1346,popular,ğŸŒŸ,ğŸ‘¥
1347,portion,ğŸ¥§,ğŸ“
1348,position,ğŸ“,ğŸ§­
1349,possible,ğŸ¤”,ğŸŒˆ
1350,post,ğŸ“®,âœ‰
1351,potato,ğŸ¥”,ğŸ¥”
1352,pottery,ğŸ«–,ğŸº
1353,poverty,ğŸª™,ğŸ’”
1354,powder,ğŸ§‚,ğŸ’¨
1355,power,ğŸ’ª,âš¡
1356,practice,ğŸ“,ğŸ¯
1357,praise,ğŸ‘,ğŸ™
1358,predict,ğŸ”®,ğŸ“ˆ
1359,prefer,ğŸ‘‰,ğŸ‘
1360,prepare,ğŸ› ,ğŸ“¦
1361,present,ğŸ,ğŸ“…
1362,pretty,ğŸŒ¸,ğŸ˜Š
1363,prevent,ğŸš«,ğŸ›¡
1364,price,ğŸ’µ,ğŸ·
1365,pride,ğŸ¦,ğŸŒˆ
1366,primary,ğŸ“˜,ğŸ¥‡
1367,print,ğŸ–¨,ğŸ“„
1368,priority,ğŸ¥‡,â±
1369,prison,ğŸš,ğŸ”’
1370,private,ğŸ”’,ğŸ™Š
1371,prize,ğŸ†,ğŸ
1372,problem,â“,âš 
1373,process,âš™,ğŸ“‹
1374,produce,ğŸ¥¦,ğŸ
1375,profit,ğŸ’°,âš™
1376,program,ğŸ’»,ğŸ“œ
1377,project,ğŸ“,ğŸ“Š
1378,promote,ğŸ“¢,ğŸ“ˆ
1379,proof,ğŸ§¾,ğŸ§¾
1380,property,ğŸ ,ğŸ“œ
1381,prosper,ğŸŒŸ,ğŸ’°
1382,protect,ğŸ›¡,ğŸ¤²
1383,proud,ğŸ˜Œ,ğŸ‘‘
1384,provide,ğŸ“¦,ğŸ¤²
1385,public,ğŸ“,ğŸ“°
1386,pudding,ğŸ¥£,ğŸŸ¤
1387,pull,ğŸ¤²,â¬…
1388,pulp,ğŸŠ,ğŸ§ƒ
1389,pulse,â¤,ğŸ“‰
1390,pumpkin,ğŸƒ,ğŸƒ
1391,punch,ğŸ‘Š,ğŸ¥Š
1392,pupil,ğŸ‘,ğŸ‘¦
1393,puppy,ğŸ¶,ğŸ¾
1394,purchase,ğŸ’³,ğŸ›
1395,purity,ğŸ’§,ğŸ•Š
1396,purpose,ğŸ¯,ğŸ“–
1397,purse,ğŸ‘›,ğŸ’°
1398,push,âœ‹,â¡
1399,put,ğŸ“¦,â¡
1400,puzzle,ğŸ§©,ğŸ§ 
1401,pyramid,ğŸ”º,ğŸœ
1402,quality,â­,ğŸ§µ
1403,quantum,âš›,ğŸŒ€
1404,quarter,ğŸª™,ğŸ•“
1405,question,â“,â“
1406,quick,ğŸƒ,âš¡ï¸
1407,quit,ğŸšª,âœ
1408,quiz,â“,ğŸ“
1409,quote,ğŸ—¨,ğŸ“
1410,rabbit,ğŸ°,ğŸ°
1411,raccoon,ğŸ¦,ğŸ¦
1412,race,ğŸ,ğŸ
1413,rack,ğŸ—„,ğŸ“š
1414,radar,ğŸ“¡,ğŸ”„
1415,radio,ğŸ“»,ğŸ“»
1416,rail,ğŸ›¤,ğŸ›¤
1417,rain,ğŸŒ§,ğŸŒ§
1418,raise,ğŸ™‹,â¬†
1419,rally,ğŸ“£,ğŸ¤
1420,ramp,â†—,ğŸ—
1421,ranch,ğŸ„,ğŸ¡
1422,random,ğŸ²,ğŸ”€
1423,range,ğŸ¯,ğŸ“
1424,rapid,âš¡,ğŸƒ
1425,rare,ğŸ¦„,âœ¨
1426,rate,â­,ğŸ“Š
1427,rather,ğŸ¤”,â¡
1428,raven,ğŸ¦,âš«ï¸
1429,raw,ğŸ¥©,âŒ
1430,razor,ğŸª’,ğŸª’
1431,ready,ğŸ‘,ğŸ¬
1432,real,ğŸ”,ğŸŒ
1433,reason,ğŸ¤”,ğŸ“š
1434,rebel,âœŠ,ğŸ´
1435,rebuild,ğŸ§±,ğŸ”
1436,recall,ğŸ”™,ğŸ§ 
1437,receive,ğŸ“¥,ğŸ¤²
1438,recipe,ğŸ“–,ğŸ²
1439,record,ğŸ”´,ğŸ™
1440,recycle,â™»ï¸,â™»ï¸
1441,reduce,â–,ğŸ“‰
1442,reflect,ğŸ”,ğŸª
1443,reform,ğŸ”§,ğŸ“œ
1444,refuse,ğŸš«,ğŸ™…
1445,region,ğŸ—º,ğŸ“
1446,regret,ğŸ˜,ğŸ”„
1447,regular,ğŸ“,ğŸ“†
1448,reject,ğŸˆ,ğŸ“Œ
1449,relax,ğŸ§˜,ğŸŒ´
1450,release,ğŸ•Š,ğŸ”“
1451,relief,ğŸ˜®,â˜ºï¸
1452,rely,ğŸ¤,ğŸ”’
1453,remain,ğŸ§,â¸
1454,remember,ğŸ§ ,ğŸ”–
1455,remind,â°,ğŸ””
1456,remove,ğŸ—‘,â–
1457,render,ğŸ–¥,ğŸ¨
1458,renew,ğŸ”„,ğŸŒ±
1459,rent,ğŸ ,ğŸ’µ
1460,reopen,ğŸ”“,ğŸ”
1461,repair,ğŸ”§,ğŸ©¹
1462,repeat,ğŸ”,ğŸ”
1463,replace,ğŸ”,ğŸ”€
1464,report,ğŸ§¾,ğŸ“Š
1465,require,ğŸ“Œ,ğŸ“‹
1466,rescue,ğŸ†˜,ğŸš‘
1467,resemble,ğŸª,ğŸ”
1468,resist,âœ‹,âš¡
1469,resource,ğŸ§°,âš™ï¸
1470,response,ğŸ’¬,â†©
1471,result,ğŸ“ˆ,ğŸ¯
1472,retire,ğŸ§“,ğŸ–
1473,retreat,ğŸ”™,ğŸ•
1474,return,ğŸ”™,ğŸ“¦
1475,reunion,ğŸ¤—,ğŸ”—
1476,reveal,ğŸ­,ğŸ”“
1477,review,ğŸ”,ğŸ“
1478,reward,ğŸ†,âœ
1479,rhythm,ğŸ¥,ğŸµ
1480,rib,ğŸ¦´,ğŸ©»
1481,ribbon,ğŸ€,ğŸ€
1482,rice,ğŸš,ğŸš
1483,rich,ğŸ’°,ğŸ’
1484,ride,ğŸš´,â¡
1485,ridge,â›°,â†”
1486,rifle,ğŸ”«,ğŸ¯
1487,right,â¡,â¡
1488,rigid,ğŸª¨,ğŸ“
1489,ring,ğŸ’,ğŸ’
1490,riot,ğŸ”¥,ğŸš¨
1491,ripple,ğŸŒŠ,ã€°
1492,risk,âš ,ğŸ²
1493,ritual,ğŸ”¥,ğŸ•¯
1494,rival,âš”,ğŸ¥‡
1495,river,ğŸ,ğŸ’§
1496,road,ğŸ›£,ğŸ›£
1497,roast,ğŸ–,ğŸ”¥
1498,robot,ğŸ¤–,ğŸ¤–
1499,robust,ğŸ’ª,ğŸ—
1500,rocket,ğŸš€,ğŸš€
1501,romance,ğŸ’˜,ğŸŒ¹
1502,roof,ğŸ ,â¬†
1503,rookie,ğŸŒ±,ğŸ“
1504,room,ğŸšª,ğŸ 
1505,rose,ğŸŒ¹,ğŸŒ¹
1506,rotate,ğŸ”,ğŸ˜µ
1507,rough,ğŸª¨,ğŸª“
1508,round,âšª,ğŸ”„
1509,route,ğŸ—º,â¡
1510,royal,ğŸ‘‘,ğŸ‘‘
1511,rubber,ğŸ›,ğŸ§ª
1512,rude,ğŸ˜ ,ğŸš«
1513,rug,ğŸ§¶,ğŸ§µ
1514,rule,ğŸ“,ğŸ“œ
1515,run,ğŸƒ,âš™
1516,runway,ğŸ›«,ğŸ›£
1517,rural,ğŸŒ¾,ğŸ¡
1518,sad,ğŸ˜¢,ğŸ’§
1519,saddle,ğŸ,ğŸª‘
1520,sadness,ğŸ˜,ğŸŒ§
1521,safe,â›‘ï¸,â›‘ï¸
1522,sail,â›µ,ğŸŒ¬
1523,salad,ğŸ¥—,ğŸ¥—
1524,salmon,ğŸŸ,ğŸ
1525,salon,ğŸ’‡,âœ‚
1526,salt,ğŸ§‚,ğŸ§‚
1527,salute,ğŸ«¡,ğŸ–
1528,same,ğŸ«†,ğŸ«†
1529,sample,ğŸ§ª,ğŸ“Š
1530,sand,ğŸ–,ğŸŸ¡
1531,satisfy,ğŸ°,ğŸ˜‹
1532,satoshi,ğŸ§ ,ğŸª™
1533,sauce,ğŸ§‚,ğŸ…
1534,sausage,ğŸŒ­,ğŸŒ­
1535,save,ğŸ’¾,âœ…
1536,say,ğŸ’¬,ğŸ—£
1537,scale,âš–,ğŸ“
1538,scan,ğŸ“·,ğŸ”
1539,scare,ğŸ˜±,ğŸ‘»
1540,scatter,ğŸ¯,ğŸ”€
1541,scene,ğŸ¬,ğŸ“
1542,scheme,ğŸ—º,ğŸ§©
1543,school,ğŸ«,ğŸ“š
1544,science,ğŸ”¬,ğŸ§ª
1545,scissors,âœ‚,âœ‚
1546,scorpion,ğŸ¦‚,ğŸ¦‚
1547,scout,ğŸ”­,ğŸ§­
1548,scrap,ğŸ§»,ğŸ—‘
1549,screen,ğŸ–¥,ğŸ–¼
1550,script,ğŸ“œ,âœ
1551,scrub,ğŸ§½,ğŸ«§
1552,sea,ğŸŒŠ,ğŸŒŠ
1553,search,ğŸ”,ğŸ“š
1554,season,ğŸ‚,ğŸ“…
1555,seat,ğŸ’º,ğŸ’º
1556,second,ğŸ¥ˆ,â±
1557,secret,ğŸ¤«,ğŸ”’
1558,section,ğŸ“‘,âœ‚
1559,security,ğŸ›¡,ğŸ”’
1560,seed,ğŸŒ±,ğŸŒ±
1561,seek,ğŸ‘€,ğŸ”
1562,segment,ğŸ§©,ğŸ“
1563,select,âœ…,ğŸ–±
1564,sell,ğŸ’µ,ğŸ“‰
1565,seminar,ğŸ§‘,ğŸ¤
1566,senior,ğŸ‘´,ğŸ“
1567,sense,ğŸ‘ƒ,ğŸ§ 
1568,sentence,âœ,ğŸ”¤
1569,series,ğŸ“º,ğŸ”¢
1570,service,ğŸ› ,ğŸ¤
1571,session,ğŸ•’,ğŸª‘
1572,settle,ğŸª™,âš–
1573,setup,âš™,ğŸ§°
1574,seven,ğŸ•–,ğŸ§®
1575,shadow,ğŸŒ‘,ğŸ‘¤
1576,shaft,ğŸ•³ï¸,âš™ï¸
1577,shallow,ğŸŒŠ,ğŸ“
1578,share,ğŸ”—,ğŸ“¤
1579,shed,ğŸ›–,ğŸªµ
1580,shell,ğŸš,ğŸš
1581,sheriff,â­,ğŸ‘®
1582,shield,ğŸ›¡,ğŸ›¡
1583,shift,ğŸ”€,â¡
1584,shine,âœ¨,â˜€ï¸
1585,ship,ğŸš¢,ğŸ“¦
1586,shiver,â„,ğŸ¥¶
1587,shock,âš¡,ğŸ˜®
1588,shoe,ğŸ‘Ÿ,ğŸ‘Ÿ
1589,shoot,ğŸ¯,ğŸ¹
1590,shop,ğŸ›,ğŸ¬
1591,short,ğŸ“,â¬‡
1592,shoulder,ğŸ’ª,ğŸ‘•
1593,shove,ğŸ¤œ,â¡
1594,shrimp,ğŸ¤,ğŸ¤
1595,shrug,ğŸ¤·,ğŸ˜
1596,shuffle,ğŸ”€,ğŸµ
1597,shy,ğŸ™ˆ,ğŸŒ¸
1598,sibling,ğŸ‘§,ğŸ‘¦
1599,sick,ğŸ¤¢,ğŸ¤’
1600,side,â†”,ğŸ“
1601,siege,ğŸ›¡,ğŸ°
1602,sight,ğŸ‘,ğŸ”­
1603,sign,âœ,ğŸª§
1604,silent,ğŸ¤«,ğŸ”‡
1605,silk,ğŸ¥»,ğŸ§µ
1606,silly,ğŸ¤ª,ğŸˆ
1607,silver,ğŸ¥ˆ,ğŸ’¿
1608,similar,ğŸ‘¯,ğŸ«†
1609,simple,ğŸ¬,ğŸ‘¶
1610,since,â³,â¡
1611,sing,ğŸ¤,ğŸµ
1612,siren,ğŸš¨,ğŸ“¢
1613,sister,ğŸ‘§,ğŸ’
1614,situate,ğŸ“,ğŸ’­
1615,six,ğŸ••,ğŸ§®
1616,size,ğŸ“,ğŸ“
1617,skate,ğŸ›¼,ğŸ§Š
1618,sketch,âœ,ğŸ“„
1619,ski,ğŸ¿,â›·
1620,skill,ğŸ§ ,ğŸ¯
1621,skin,ğŸ§´,ğŸ§
1622,skirt,ğŸ‘—,ğŸ‘—
1623,skull,ğŸ’€,ğŸ’€
1624,slab,ğŸ§±,â¬›
1625,slam,ğŸ¤œ,ğŸšª
1626,sleep,ğŸ˜´,ğŸ›
1627,slender,ğŸ‘—,ğŸ“
1628,slice,ğŸ”ª,ğŸ
1629,slide,â†˜,ğŸ§Š
1630,slight,ğŸ“,ğŸª¶
1631,slim,ğŸª¶,ğŸ“‰
1632,slogan,ğŸª§,ğŸ”¤
1633,slot,ğŸ°,ğŸ•³
1634,slow,ğŸ¢,â³
1635,slush,ğŸ§Š,ğŸ«—
1636,small,ğŸœ,ğŸ“
1637,smart,ğŸ§ ,ğŸ’¡
1638,smile,ğŸ™‚,âš™
1639,smoke,ğŸš¬,ğŸ’¨
1640,smooth,ğŸ§ˆ,â¡
1641,snack,ğŸª,ğŸ¥¨
1642,snake,ğŸ,ğŸ
1643,snap,ğŸ«°,âš¡
1644,sniff,ğŸ‘ƒ,ğŸ¶
1645,snow,â„,ğŸŒ¨
1646,soap,ğŸ§¼,ğŸ«§
1647,soccer,âš½,ğŸ¥…
1648,social,ğŸ‘¥,ğŸ’¬
1649,sock,ğŸ§¦,ğŸ§¦
1650,soda,ğŸ¥¤,ğŸ«§
1651,soft,ğŸ§¸,ğŸª¶
1652,solar,â˜€ï¸,ğŸ”†
1653,soldier,ğŸª–,ğŸª–
1654,solid,ğŸ§±,ğŸ“¦
1655,solution,ğŸ§ª,ğŸ’¡
1656,solve,ğŸ§©,ğŸ’¡
1657,someone,ğŸ‘¤,â“
1658,song,ğŸµ,ğŸ¹
1659,soon,â¡,â³
1660,sorry,ğŸ™,ğŸ˜”
1661,sort,ğŸ—‚,ğŸ”¤
1662,soul,ğŸ•Š,âœ¨
1663,sound,ğŸ”Š,ğŸµ
1664,soup,ğŸ²,ğŸ¥„
1665,source,ğŸ”—,ğŸ“š
1666,south,ğŸ§­,â¬‡
1667,space,ğŸª,ğŸ”­
1668,spare,ğŸ†“,ğŸ§°
1669,spatial,ğŸ—º,ğŸ“
1670,spawn,ğŸ£,âœ¨
1671,speak,ğŸ—£,ğŸ’¬
1672,special,â­,ğŸ
1673,speed,ğŸ,ğŸ’¨
1674,spell,âœ¨,ğŸ”¤
1675,spend,ğŸ’¸,ğŸ•’
1676,sphere,âšª,ğŸŒ
1677,spice,ğŸŒ¶,ğŸ§‚
1678,spider,ğŸ•·,ğŸ•¸
1679,spike,ğŸ“ˆ,ğŸ“Œ
1680,spin,ğŸŒ€,â†©
1681,spirit,ğŸ‘»,âœ¨
1682,split,âœ‚,â†”
1683,spoil,ğŸ—‘,ğŸ
1684,sponsor,ğŸ¤,ğŸ’°
1685,spoon,ğŸ¥„,ğŸ¥„
1686,sport,ğŸŸ,ğŸˆ
1687,spot,ğŸ“,ğŸ”
1688,spray,ğŸ’¦,ğŸ§´
1689,spread,â¡,â¡
1690,spring,ğŸŒ¸,ğŸŒ±
1691,spy,ğŸ•µ,ğŸ”
1692,square,â¬œ,ğŸ“
1693,squeeze,âœŠ,ğŸ‹
1694,squirrel,ğŸ¿,ğŸŒ°
1695,stable,ğŸ,ğŸš
1696,stadium,ğŸŸ,ğŸ«
1697,staff,ğŸ’¼,ğŸ‘¥
1698,stage,ğŸ­,ğŸ¤
1699,stairs,ğŸªœ,â†—
1700,stamp,ğŸ–‹,ğŸ“®
1701,stand,ğŸ§,â¬†
1702,start,â–¶,ğŸš€
1703,state,ğŸ›,ğŸ—¡ï¸
1704,stay,ğŸ§,ğŸ“
1705,steak,ğŸ¥©,ğŸ”¥
1706,steel,ğŸ—œ,ğŸ”©
1707,stem,ğŸŒ±,ğŸ”¬
1708,step,ğŸ‘£,â¡
1709,stereo,ğŸ”Š,ğŸš
1710,stick,ğŸªµ,ğŸ“Œ
1711,still,ğŸ§˜,â¸
1712,sting,ğŸ,ğŸ’¢
1713,stock,ğŸ“ˆ,ğŸ¦
1714,stomach,ğŸ¤¢,ğŸ½
1715,stone,ğŸª¨,ğŸª¨
1716,stool,ğŸª‘,ğŸª‘
1717,story,ğŸ“–,âœ¨
1718,stove,ğŸ”¥,ğŸ³
1719,strategy,â™Ÿ,ğŸ¯
1720,street,ğŸ›£,âš™
1721,strike,âš¡,âœŠ
1722,strong,ğŸ’ª,ğŸ‹
1723,struggle,ğŸ¥µ,ğŸ§—
1724,student,ğŸ“,ğŸ“š
1725,stuff,ğŸ“¦,ğŸ“¦
1726,stumble,ğŸ¤¦,ğŸš§
1727,style,ğŸ‘—,âœ¨
1728,subject,ğŸ“,ğŸ“™
1729,submit,ğŸ“¤,âœ…
1730,subway,ğŸš‡,ğŸš‡
1731,success,ğŸ†,ğŸ™Œ
1732,such,ğŸ‘‰,ğŸ“
1733,sudden,âš¡,â±
1734,suffer,ğŸ˜£,ğŸ’¢
1735,sugar,ğŸ¬,ğŸ­
1736,suggest,ğŸ’¡,ğŸ“¤
1737,suit,ğŸ‘”,ğŸ‘”
1738,summer,â˜€ï¸,ğŸ–
1739,sun,â˜€ï¸,â˜€ï¸
1740,sunny,â˜€ï¸,ğŸ˜
1741,sunset,ğŸŒ‡,ğŸŒ‡
1742,super,ğŸ¦¸,â­
1743,supply,ğŸ“¦,âœ
1744,supreme,ğŸ‘‘,ğŸ“œ
1745,sure,âœ…,ğŸ‘
1746,surface,ğŸ§¼,ğŸªµ
1747,surge,ğŸ“ˆ,âš¡ï¸
1748,surprise,ğŸ,ğŸ˜®
1749,surround,ğŸ”„,ğŸ 
1750,survey,ğŸ“‹,ğŸ“Š
1751,suspect,ğŸ•µ,ğŸ«†
1752,sustain,ğŸŒ±,â™»
1753,swallow,ğŸ¦,ğŸ½
1754,swamp,ğŸŠ,ğŸŒ¿
1755,swap,ğŸ”,ğŸ”„
1756,swarm,ğŸ,ğŸ
1757,swear,ğŸ¤,ğŸ“œ
1758,sweet,ğŸ°,ğŸ˜Š
1759,swift,ğŸ¦,ğŸ’¨
1760,swim,ğŸŠ,ğŸŒŠ
1761,swing,ğŸª€,â†”
1762,switch,ğŸ”€,â†”
1763,sword,âš”,âš”
1764,symbol,ğŸ”£,ğŸ”¤
1765,symptom,ğŸ¤’,ğŸ“‹
1766,syrup,ğŸ¯,ğŸ«™
1767,system,ğŸ–¥,âš™
1768,table,ğŸª‘,ğŸ½
1769,tackle,ğŸˆ,ğŸ¤¼
1770,tag,ğŸ·,ğŸ·
1771,tail,ğŸ•,â¡
1772,talent,ğŸ­,â­
1773,talk,ğŸ—£,ğŸ’¬
1774,tank,ğŸ›¢,ğŸª–
1775,tape,ğŸ“¼,ğŸ“¼
1776,target,ğŸ¯,ğŸ¯
1777,task,ğŸ“‹,âš™ï¸
1778,taste,ğŸ‘…,ğŸ´
1779,tattoo,ğŸ–‹,ğŸ–¤
1780,taxi,ğŸš•,ğŸš•
1781,teach,ğŸ‘©,ğŸ“š
1782,team,ğŸ‘¥,âš½
1783,tell,ğŸ—£,â¡
1784,ten,ğŸ”Ÿ,ğŸ”Ÿ
1785,tenant,ğŸ ,ğŸ”‘
1786,tennis,ğŸ¾,ğŸ¾
1787,tent,â›º,ğŸŒ²
1788,term,ğŸ“–,ğŸ—“
1789,test,ğŸ§ª,âœ…
1790,text,ğŸ“,ğŸ“±
1791,thank,ğŸ™,ğŸ˜Š
1792,that,ğŸ‘‰,ğŸ“Œ
1793,theme,ğŸ¨,ğŸ“š
1794,then,â­,â³
1795,theory,ğŸ“š,ğŸ§ 
1796,there,ğŸ“,â¡
1797,they,ğŸ‘¥,ğŸ‘‰
1798,thing,ğŸ“¦,â“
1799,this,ğŸ‘‰,âš™
1800,thought,ğŸ’­,ğŸ’­
1801,three,ğŸ•’,ğŸ§®
1802,thrive,ğŸŒ±,ğŸ’ª
1803,throw,ğŸ¤¾,âš¾ï¸
1804,thumb,ğŸ‘,ğŸ‘
1805,thunder,ğŸŒ©,âš¡
1806,ticket,ğŸŸ,ğŸŸ
1807,tide,ğŸï¸,ğŸŒŠ
1808,tiger,ğŸ…,ğŸ…
1809,tilt,â†—,â†˜
1810,timber,ğŸªµ,ğŸŒ²
1811,time,âŒšï¸,ğŸ“…
1812,tiny,ğŸœ,âš›ï¸
1813,tip,ğŸ’¡,ğŸ’°
1814,tired,ğŸ¥±,ğŸ’¤
1815,tissue,ğŸ§»,ğŸ§»
1816,title,ğŸ“–,ğŸ†
1817,toast,ğŸ,ğŸ¥‚
1818,tobacco,ğŸš¬,ğŸŒ¿
1819,today,ğŸ“…,â˜€ï¸
1820,toddler,ğŸ‘¶,ğŸš¶
1821,toe,ğŸ¦¶,ğŸ¦¶
1822,together,ğŸ¤,â¤
1823,toilet,ğŸš½,ğŸš½
1824,token,ğŸŸ,ğŸ’±
1825,tomato,ğŸ…,ğŸ…
1826,tomorrow,ğŸ“…,â¡
1827,tone,ğŸµ,ğŸš
1828,tongue,ğŸ‘…,ğŸ‘…
1829,tonight,ğŸŒ™,ğŸ•’
1830,tool,ğŸ› ,ğŸ§°
1831,tooth,ğŸ¦·,ğŸ¦·
1832,top,ğŸ”,ğŸ”
1833,topic,ğŸ—‚,ğŸ’¬
1834,topple,ğŸª†,â¬‡
1835,torch,ğŸ”¦,ğŸ”¥
1836,tornado,ğŸŒª,ğŸŒª
1837,tortoise,ğŸ¢,ğŸ¢
1838,toss,ğŸ—ï¸,ğŸ—‘ï¸
1839,total,ğŸ§®,ğŸŸ°
1840,tourist,ğŸ’,ğŸ“¸
1841,toward,â¡ï¸,â±ï¸
1842,tower,ğŸ—¼,ğŸ™
1843,town,ğŸ˜,ğŸ˜
1844,toy,ğŸ§¸,ğŸ§¸
1845,track,ğŸ›¤,ğŸ›¤ï¸
1846,trade,ğŸ”„,ğŸ’±
1847,traffic,ğŸš¦,ğŸš—
1848,tragic,ğŸ˜¢,âš°
1849,train,ğŸš†,ğŸš†
1850,transfer,ğŸ”„,ğŸ’³
1851,trap,ğŸª¤,ğŸ­
1852,trash,ğŸ—‘,ğŸ—‘
1853,travel,âœˆ,ğŸ§³
1854,tray,ğŸ½,ğŸ“¦
1855,treat,ğŸ¬,ğŸ
1856,tree,ğŸŒ³,ğŸŒ³
1857,trend,ğŸ“ˆ,ğŸ”¥
1858,trial,âš–,ğŸ“œ
1859,tribe,ğŸª¶,ğŸ‘¥
1860,trick,ğŸ©,âœ¨
1861,trigger,ğŸ”«,âš¡
1862,trim,âœ‚,ğŸŒ¿
1863,trip,ğŸ§³,ğŸ›«
1864,trophy,ğŸ†,ğŸ†
1865,trouble,ğŸ˜°,âš¡
1866,truck,ğŸšš,ğŸšš
1867,true,âœ…,ğŸ¯
1868,truly,ğŸ™Œ,âœ…
1869,trumpet,ğŸº,ğŸº
1870,trust,ğŸ¤,ğŸ¤
1871,truth,âš–,ğŸ“–
1872,try,ğŸ‘,ğŸ¤·
1873,tube,ğŸ§ª,ğŸš‡
1874,tuition,ğŸ“,ğŸ’µ
1875,tumble,ğŸ¤¸,â¬‡
1876,tuna,ğŸŸ,ğŸ£
1877,tunnel,ğŸš‡,ğŸ•³
1878,turkey,ğŸ¦ƒ,ğŸ¦ƒ
1879,turn,ğŸ”„,â¡
1880,turtle,ğŸ¢,ğŸŒŠ
1881,twelve,ğŸ•›,ğŸ§®
1882,twenty,ğŸ§®,ğŸ“Š
1883,twice,âœŒ,ğŸ”
1884,twin,ğŸ‘¯,ğŸ‘¯
1885,twist,ğŸ”€,ğŸŒ€
1886,two,âœŒ,ğŸ‘‰
1887,type,âŒ¨,ğŸ“„
1888,typical,ğŸ“,ğŸ“Š
1889,ugly,ğŸ¤¢,ğŸš«
1890,umbrella,â˜‚,â˜‚
1891,unable,ğŸš«,ğŸ’ª
1892,unaware,ğŸ™ˆ,â“
1893,uncle,ğŸ‘¨,ğŸ‘¶
1894,uncover,ğŸ”“,ğŸ•µ
1895,under,â¬‡,ğŸ“
1896,undo,â¬…,âŒ
1897,unfair,âš–,ğŸš«
1898,unfold,ğŸ“„,â¡
1899,unhappy,ğŸ˜,ğŸ’§
1900,uniform,ğŸ‘•,ğŸ¦º
1901,unique,ğŸŒŸ,âœ¨
1902,unit,ğŸ“¦,ğŸ“
1903,universe,ğŸŒŒ,ğŸŒ
1904,unknown,â“,ğŸŒ«
1905,unlock,ğŸ”“,ğŸ”‘
1906,until,â³,ğŸ¯
1907,unusual,ğŸ¤”,ğŸŒŸ
1908,unveil,ğŸ­,ğŸ‘€
1909,update,ğŸ”„,ğŸ†•
1910,upgrade,â¬†,âš™
1911,uphold,âœ‹,âš–
1912,upon,ğŸ†™,ğŸ”›
1913,upper,â¬†,ğŸ“
1914,upset,ğŸ˜¡,ğŸ’¢
1915,urban,ğŸ™,ğŸ™
1916,urge,âš¡,ğŸ‘‰
1917,usage,ğŸ“Š,ğŸ“ˆ
1918,use,ğŸ› ,ğŸ›  
1919,used,ğŸ§¾,â™»ï¸
1920,useful,ğŸ‘,ğŸ› 
1921,useless,âŒ,ğŸª£
1922,usual,ğŸ“†,ğŸ”
1923,utility,âš™,ğŸ”Œ
1924,vacant,ğŸª‘,ğŸš«
1925,vacuum,ğŸ§¹,ğŸ•³
1926,vague,ğŸŒ«,â“
1927,valid,âœ…,ğŸ‘
1928,valley,â›°,ğŸŒ„
1929,valve,ğŸš°,âš™
1930,van,ğŸš,ğŸš
1931,vanish,ğŸŒ«,âœ¨
1932,vapor,ğŸ’¨,ğŸ’¨
1933,various,ğŸ”€,ğŸ“¦
1934,vast,ğŸŒŒ,ğŸ”­
1935,vault,ğŸ¦,ğŸ”’
1936,vehicle,ğŸš—,ğŸš—
1937,velvet,ğŸ§µ,ğŸ€
1938,vendor,ğŸ§‘,ğŸª
1939,venture,ğŸš€,ğŸ’¼
1940,venue,ğŸª,ğŸŸ
1941,verb,ğŸ—£ï¸,ğŸ•ºğŸ¾
1942,verify,âœ…,ğŸ‘Œ
1943,version,ğŸ“‘,ğŸ”„
1944,very,â­,ğŸ’«
1945,vessel,ğŸš¢,âš“
1946,veteran,ğŸ–,ğŸ‘´
1947,viable,ğŸ‘,ğŸŒ±
1948,vibrant,ğŸŒˆ,âœ¨
1949,vicious,ğŸ˜ˆ,âš¡
1950,victory,ğŸ†,ğŸ¥³
1951,video,ğŸ“¹,ğŸ
1952,view,ğŸ‘€,ğŸŒ„
1953,village,ğŸ˜,ğŸŒ¾
1954,vintage,ğŸ“»,ğŸ©
1955,violin,ğŸ»,ğŸ»
1956,virtual,ğŸ’»,ğŸŒ
1957,virus,ğŸ¦ ,ğŸ¦ 
1958,visa,ğŸ›‚,ğŸ“œ
1959,visit,ğŸš¶,ğŸ“
1960,visual,ğŸ‘,ğŸ¨
1961,vital,â¤,ğŸŒ±
1962,vivid,ğŸŒˆ,ğŸ‘
1963,vocal,ğŸ¤,ğŸ—£
1964,voice,ğŸ—£,ğŸ”Š
1965,void,ğŸ•³,ğŸŒŒ
1966,volcano,ğŸŒ‹,ğŸŒ‹
1967,volume,ğŸ”Š,ğŸ“š
1968,vote,ğŸ—³,ğŸ“
1969,voyage,ğŸš¢,âš™
1970,wage,ğŸ’µ,ğŸ’¼
1971,wagon,ğŸš™,ğŸ›
1972,wait,â³,ğŸ›‘
1973,walk,ğŸš¶,ğŸ‘£
1974,wall,ğŸ§±,âœ
1975,walnut,ğŸŒ°,ğŸŒ°
1976,want,ğŸ™,ğŸ’­
1977,warfare,âš”,ğŸ’£
1978,warm,ğŸŒ,ğŸ”¥
1979,warrior,ğŸª–,âš”
1980,wash,ğŸ§¼,ğŸš¿
1981,wasp,ğŸ,ğŸ˜¡
1982,waste,ğŸ—‘,â™»ï¸
1983,water,ğŸ’§,ğŸ’§
1984,wave,ğŸŒŠ,ğŸ‘‹
1985,way,ğŸ—ºï¸,ğŸ§­
1986,wealth,ğŸ’°,ğŸ‘‘
1987,weapon,ğŸ”«,âš”
1988,wear,ğŸ‘•,ğŸ‘–
1989,weasel,ğŸ¦¦,ğŸ¦¦
1990,weather,ğŸŒ¦,ğŸŒ¤
1991,web,ğŸ•¸,ğŸŒ
1992,wedding,ğŸ‘°,ğŸ¤µ
1993,weekend,ğŸ“…,ğŸ‰
1994,weird,ğŸŒ€,ğŸ˜œ
1995,welcome,ğŸ™Œ,ğŸ¤
1996,west,ğŸ§­,â¬…
1997,wet,ğŸ’¦,ğŸ’¦
1998,whale,ğŸ‹,ğŸ‹
1999,what,â“,ğŸ‘‰
2000,wheat,ğŸŒ¾,ğŸŒ¾
2001,wheel,ğŸ›,âš™
2002,when,â°,â“
2003,where,ğŸ“,â“
2004,whip,ğŸï¸,âš¡
2005,whisper,ğŸ—£ï¸,ğŸ‘‚
2006,wide,ğŸ“,â†”
2007,width,ğŸ“,âš™
2008,wife,ğŸ‘°,ğŸ’
2009,wild,ğŸ†,ğŸŒ¿
2010,will,ğŸ“,ğŸ—ƒï¸
2011,win,ğŸ†,âœŒ
2012,window,ğŸªŸ,ğŸ 
2013,wine,ğŸ·,ğŸ·
2014,wing,ğŸª½,ğŸª½
2015,wink,ğŸ˜‰,ğŸ˜‰
2016,winner,ğŸ†,ğŸ‰
2017,winter,ğŸŒ¨,â„
2018,wire,ğŸ”Œ,ğŸ§µ
2019,wisdom,ğŸ¦‰,ğŸ“š
2020,wise,ğŸ‘´,ğŸ§ 
2021,wish,ğŸŒ ,ğŸ™
2022,witness,ğŸ‘ï¸,ğŸ—¨ï¸
2023,wolf,ğŸº,ğŸº
2024,woman,ğŸ‘©,ğŸ‘©
2025,wonder,ğŸ¤”,âœ¨
2026,wood,ğŸªµ,ğŸªµ
2027,wool,ğŸ§¶,ğŸ‘
2028,word,ğŸ—£ï¸,ğŸ’¬
2029,work,ğŸ’¼,ğŸ”¨
2030,world,ğŸŒ,âš™
2031,worry,ğŸ˜Ÿ,ğŸ’­
2032,worth,ğŸ’,âš™
2033,wrap,ğŸ,ğŸŒ€
2034,wreck,ğŸš¢,ğŸ’¥
2035,wrestle,ğŸ¤¼,ğŸ¤¼
2036,wrist,âŒš,âœ‹
2037,write,âœ,ğŸ“
2038,wrong,âŒ,â†”
2039,yard,ğŸŒ±,ğŸ¡
2040,year,ğŸ“…,ğŸ“†
2041,yellow,ğŸŸ¨,ğŸŒ¼
2042,you,ğŸ«µ,ğŸ«µ
2043,young,ğŸ‘¶,ğŸŒ±
2044,youth,ğŸ§’,ğŸ“
2045,zebra,ğŸ¦“,ğŸ¦“
2046,zero,âšª,ğŸ…¾
2047,zone,ğŸ“,ğŸ—º
2048,zoo,ğŸ’,ğŸ¦
